longitude,latitude,housing_median_age,total_rooms,total_bedrooms,population,households,median_income,median_house_value,ocean_proximity
-121.9,37.66,18.0,7397.0,1137.0,3126.0,1115.0,6.4994,323000.0,INLAND
-121.88,37.67,16.0,4070.0,624.0,1543.0,577.0,6.5214,311500.0,INLAND
-121.87,37.67,10.0,4337.0,800.0,1813.0,743.0,5.5,247200.0,INLAND
-121.85,37.68,4.0,4719.0,741.0,1895.0,742.0,6.8132,282500.0,INLAND
-121.85,37.66,14.0,4236.0,701.0,1833.0,663.0,5.6399,300600.0,INLAND
-121.84,37.66,13.0,13182.0,2074.0,4847.0,1950.0,5.6417,352900.0,INLAND
-121.86,37.7,13.0,9621.0,1344.0,4389.0,1391.0,6.6827,313700.0,INLAND
-121.77,37.65,16.0,4290.0,554.0,1952.0,576.0,7.3588,327500.0,INLAND
-121.73,37.71,12.0,5608.0,1049.0,2595.0,1067.0,3.9864,200200.0,INLAND
-121.75,37.71,11.0,12070.0,2220.0,5826.0,2125.0,4.8624,192400.0,INLAND
-121.8,37.7,22.0,5533.0,943.0,2474.0,910.0,4.7361,216800.0,INLAND
-121.79,37.69,25.0,6296.0,1082.0,3200.0,1047.0,4.5357,188400.0,INLAND
-121.73,37.68,17.0,20354.0,3493.0,8768.0,3293.0,5.4496,238900.0,INLAND
-121.77,37.67,20.0,8068.0,1217.0,3489.0,1259.0,5.7907,264200.0,INLAND
-121.79,37.66,22.0,14701.0,2210.0,6693.0,2232.0,5.98,245000.0,INLAND
-120.25,38.55,15.0,4403.0,891.0,1103.0,433.0,3.0125,111700.0,INLAND
-120.72,38.42,17.0,5654.0,1085.0,2237.0,953.0,3.0465,144100.0,INLAND
-120.77,38.38,15.0,4221.0,816.0,1737.0,743.0,2.3125,128600.0,INLAND
-121.83,39.76,12.0,9831.0,1921.0,4644.0,1775.0,3.1142,112600.0,INLAND
-121.82,39.76,23.0,6010.0,1116.0,2710.0,1149.0,3.0068,107300.0,INLAND
-121.86,39.78,12.0,7653.0,1578.0,3628.0,1494.0,3.0905,117800.0,INLAND
-121.85,39.77,17.0,5273.0,1177.0,2446.0,1199.0,1.9362,89900.0,INLAND
-121.86,39.76,19.0,7254.0,1785.0,4030.0,1667.0,2.0094,87300.0,INLAND
-121.89,39.76,15.0,10265.0,1860.0,4591.0,1906.0,3.07,142600.0,INLAND
-121.88,39.74,12.0,14631.0,3298.0,7517.0,3262.0,1.6785,153100.0,INLAND
-121.84,39.75,29.0,4362.0,1053.0,2053.0,1000.0,1.7284,74500.0,INLAND
-121.82,39.75,29.0,7744.0,1375.0,3316.0,1365.0,3.0253,111400.0,INLAND
-121.8,39.75,11.0,7212.0,1355.0,3264.0,1264.0,3.1125,122600.0,INLAND
-121.79,39.73,8.0,5690.0,1189.0,2887.0,1077.0,3.0625,116300.0,INLAND
-121.85,39.72,18.0,7272.0,1559.0,5022.0,1524.0,1.6911,98800.0,INLAND
-121.81,39.7,21.0,5051.0,1054.0,2948.0,980.0,1.5863,81300.0,INLAND
-121.87,39.82,11.0,5103.0,825.0,2456.0,810.0,4.5032,159700.0,INLAND
-121.58,39.83,16.0,4591.0,904.0,1904.0,812.0,2.2419,93200.0,INLAND
-121.46,39.54,14.0,5549.0,1000.0,1822.0,919.0,2.9562,142300.0,INLAND
-120.46,38.15,16.0,4221.0,781.0,1516.0,697.0,2.3816,116000.0,INLAND
-120.67,37.97,9.0,7450.0,1475.0,2233.0,930.0,2.6528,133000.0,INLAND
-120.76,38.12,7.0,7188.0,1288.0,3175.0,1115.0,3.8488,130600.0,INLAND
-120.57,38.2,13.0,4110.0,847.0,1796.0,706.0,2.6417,122300.0,INLAND
-120.36,38.21,10.0,4300.0,845.0,1480.0,609.0,2.8208,139900.0,INLAND
-120.34,38.25,17.0,5497.0,1056.0,997.0,408.0,2.9821,111500.0,INLAND
-120.37,38.23,13.0,4401.0,829.0,924.0,383.0,2.6942,123500.0,INLAND
-120.37,38.25,13.0,4495.0,856.0,1149.0,459.0,2.5352,113700.0,INLAND
-121.99,39.15,17.0,6440.0,1204.0,3266.0,1142.0,2.7137,72000.0,INLAND
-122.09,39.13,28.0,4169.0,895.0,2587.0,810.0,2.331,65500.0,INLAND
-121.73,38.0,3.0,9217.0,1522.0,3578.0,1272.0,5.0016,189100.0,INLAND
-121.72,38.0,7.0,7957.0,1314.0,4460.0,1293.0,4.9618,156500.0,INLAND
-121.72,37.98,5.0,7105.0,1143.0,3523.0,1088.0,5.0468,168800.0,INLAND
-121.74,37.95,5.0,4980.0,774.0,2399.0,763.0,5.7104,186300.0,INLAND
-121.6,37.9,5.0,14684.0,2252.0,4276.0,1722.0,6.9051,340900.0,INLAND
-121.79,38.01,17.0,4032.0,814.0,1749.0,618.0,3.1728,146800.0,INLAND
-121.83,38.0,15.0,6365.0,1646.0,3838.0,1458.0,2.5495,103600.0,INLAND
-121.84,37.99,13.0,4545.0,952.0,2188.0,901.0,3.3625,126100.0,INLAND
-121.79,37.99,10.0,4156.0,609.0,1878.0,586.0,5.6506,178600.0,INLAND
-121.77,37.99,4.0,5623.0,780.0,2429.0,716.0,5.4409,205100.0,INLAND
-121.88,38.01,9.0,5329.0,1284.0,2827.0,1202.0,2.7374,150000.0,INLAND
-121.89,38.01,30.0,4114.0,743.0,1994.0,722.0,4.2227,134400.0,INLAND
-121.86,38.0,4.0,4075.0,927.0,2239.0,849.0,3.5857,165200.0,INLAND
-121.95,38.03,5.0,5526.0,280.0,3207.0,1012.0,4.0767,143100.0,INLAND
-121.94,38.02,29.0,5765.0,1170.0,3266.0,1131.0,2.7907,113900.0,INLAND
-122.0,37.99,28.0,4035.0,641.0,1881.0,659.0,5.4607,192300.0,INLAND
-122.0,37.96,28.0,4071.0,713.0,2033.0,647.0,4.5833,190700.0,INLAND
-121.97,37.95,8.0,4253.0,709.0,1883.0,662.0,5.431,246700.0,INLAND
-121.98,37.96,12.0,5048.0,1122.0,2209.0,1014.0,3.1573,126700.0,INLAND
-121.98,37.95,14.0,6290.0,854.0,2724.0,820.0,6.7371,267400.0,INLAND
-121.96,37.84,29.0,7479.0,977.0,2744.0,943.0,7.5139,398200.0,INLAND
-121.84,37.98,8.0,7505.0,1089.0,3325.0,1016.0,5.2699,204200.0,INLAND
-121.78,37.97,4.0,17032.0,2546.0,7653.0,2359.0,5.5601,213700.0,INLAND
-121.89,37.82,4.0,11444.0,1355.0,3898.0,1257.0,13.2949,500001.0,INLAND
-121.82,37.81,12.0,4711.0,659.0,2089.0,621.0,8.3209,485400.0,INLAND
-121.96,37.95,25.0,4026.0,791.0,1850.0,709.0,4.1483,181200.0,INLAND
-121.92,37.96,14.0,5332.0,884.0,2093.0,839.0,5.2798,237400.0,INLAND
-120.0,38.93,17.0,8005.0,1382.0,999.0,383.0,3.9722,313400.0,INLAND
-120.97,38.91,7.0,4341.0,716.0,1978.0,682.0,4.8311,172200.0,INLAND
-121.09,38.68,15.0,5218.0,711.0,1949.0,659.0,4.7083,213300.0,INLAND
-121.06,38.7,9.0,13255.0,1739.0,5001.0,1627.0,6.314,228900.0,INLAND
-121.01,38.73,7.0,6322.0,1046.0,2957.0,1024.0,4.7276,197500.0,INLAND
-120.99,38.69,5.0,5743.0,1074.0,2651.0,962.0,4.1163,172500.0,INLAND
-121.02,38.66,4.0,7392.0,1155.0,3096.0,1065.0,4.5246,198900.0,INLAND
-120.99,38.67,8.0,4913.0,744.0,2005.0,723.0,5.4413,187900.0,INLAND
-120.98,38.68,5.0,4810.0,909.0,2242.0,900.0,3.2964,176900.0,INLAND
-120.91,38.62,12.0,4545.0,748.0,2033.0,718.0,4.1843,207600.0,INLAND
-120.91,38.73,11.0,5460.0,859.0,2645.0,838.0,4.835,230600.0,INLAND
-120.78,38.74,28.0,4236.0,877.0,2008.0,881.0,2.1603,111300.0,INLAND
-120.78,38.72,19.0,4414.0,767.0,1865.0,699.0,3.6406,150900.0,INLAND
-120.7,38.69,13.0,4492.0,821.0,2093.0,734.0,4.0709,151700.0,INLAND
-120.63,38.73,11.0,4577.0,836.0,1944.0,700.0,4.0675,140200.0,INLAND
-120.62,38.71,10.0,6305.0,1150.0,2597.0,921.0,4.0197,132200.0,INLAND
-120.81,38.67,14.0,8396.0,1578.0,3952.0,1474.0,3.0565,118800.0,INLAND
-120.85,38.69,18.0,5928.0,1097.0,2697.0,1096.0,3.4872,141400.0,INLAND
-120.79,38.7,13.0,5036.0,1034.0,2243.0,923.0,2.3319,138500.0,INLAND
-119.74,36.71,17.0,5872.0,1250.0,5034.0,1224.0,2.1905,61800.0,INLAND
-119.74,36.74,39.0,4893.0,1210.0,4749.0,1067.0,1.2065,55600.0,INLAND
-119.72,36.76,23.0,6403.0,280.0,3573.0,1260.0,2.3006,69000.0,INLAND
-119.72,36.75,11.0,4832.0,993.0,2190.0,888.0,2.6611,74700.0,INLAND
-119.73,36.74,14.0,6202.0,1551.0,5561.0,1435.0,1.6073,64700.0,INLAND
-119.71,36.74,18.0,8099.0,1670.0,4476.0,1514.0,2.4728,88300.0,INLAND
-119.71,36.77,11.0,5112.0,1384.0,2487.0,1243.0,2.1461,75900.0,INLAND
-119.73,36.77,24.0,4410.0,939.0,2362.0,862.0,2.9406,73000.0,INLAND
-119.74,36.78,27.0,4049.0,947.0,2254.0,882.0,2.2467,70700.0,INLAND
-119.87,36.78,4.0,6102.0,1114.0,3406.0,1115.0,3.4213,84500.0,INLAND
-119.87,36.83,4.0,4833.0,784.0,2088.0,789.0,5.1781,122500.0,INLAND
-119.88,36.83,2.0,4055.0,735.0,1730.0,654.0,4.2132,96500.0,INLAND
-119.86,36.81,4.0,4530.0,1070.0,1804.0,837.0,3.3942,72100.0,INLAND
-119.85,36.8,14.0,4177.0,914.0,2300.0,867.0,2.9565,73000.0,INLAND
-119.77,36.86,7.0,4139.0,544.0,1843.0,562.0,8.2737,193500.0,INLAND
-119.78,36.84,7.0,4907.0,1075.0,2014.0,909.0,3.2147,111900.0,INLAND
-119.8,36.86,7.0,6434.0,1201.0,2733.0,1045.0,3.7656,145000.0,INLAND
-119.81,36.83,19.0,6789.0,1200.0,2325.0,1109.0,4.049,126000.0,INLAND
-119.81,36.83,10.0,5780.0,922.0,2712.0,883.0,5.6445,135500.0,INLAND
-119.79,36.82,23.0,4358.0,819.0,1852.0,802.0,3.4167,105200.0,INLAND
-119.78,36.82,22.0,4241.0,1147.0,1929.0,971.0,1.7708,53500.0,INLAND
-119.8,36.82,24.0,5377.0,1005.0,2010.0,982.0,3.4542,121200.0,INLAND
-119.83,36.8,16.0,6101.0,1200.0,3407.0,1134.0,3.125,80800.0,INLAND
-119.82,36.79,18.0,5822.0,1439.0,3415.0,1224.0,1.6854,64700.0,INLAND
-119.76,36.78,30.0,6117.0,1330.0,2768.0,1224.0,2.1383,78800.0,INLAND
-119.76,36.8,20.0,6257.0,1346.0,2795.0,1267.0,2.2094,83700.0,INLAND
-119.74,36.8,18.0,10862.0,2401.0,5466.0,2209.0,2.4678,74300.0,INLAND
-119.76,36.81,19.0,4643.0,1429.0,4638.0,1335.0,1.2716,69400.0,INLAND
-119.76,36.82,17.0,6932.0,1486.0,3056.0,1453.0,2.3375,99300.0,INLAND
-119.78,36.82,25.0,5016.0,280.0,2133.0,928.0,3.625,89500.0,INLAND
-119.78,36.83,18.0,4164.0,741.0,1817.0,681.0,4.2153,95200.0,INLAND
-119.74,36.83,14.0,4675.0,829.0,2235.0,787.0,4.1098,108200.0,INLAND
-119.77,36.91,3.0,7520.0,1143.0,2878.0,1077.0,5.3272,174200.0,INLAND
-119.75,36.87,3.0,13802.0,2244.0,5226.0,1972.0,5.0941,143700.0,INLAND
-119.74,36.85,3.0,10425.0,2121.0,4432.0,1778.0,3.9032,140800.0,INLAND
-119.64,36.82,14.0,4872.0,656.0,2085.0,617.0,5.6739,173800.0,INLAND
-119.63,36.76,22.0,4126.0,614.0,1795.0,613.0,4.925,154700.0,INLAND
-119.58,36.83,13.0,6135.0,863.0,2473.0,774.0,5.4895,156700.0,INLAND
-119.57,37.02,16.0,4199.0,794.0,2140.0,722.0,3.332,111800.0,INLAND
-122.18,39.75,30.0,4157.0,834.0,1885.0,774.0,1.6948,67500.0,INLAND
-122.19,39.74,39.0,4179.0,814.0,2111.0,809.0,2.3507,65600.0,INLAND
-119.08,35.42,10.0,4159.0,608.0,2089.0,591.0,5.5261,132000.0,INLAND
-119.08,35.39,10.0,6435.0,1040.0,3242.0,1030.0,5.575,132200.0,INLAND
-119.01,35.4,11.0,8739.0,2190.0,4781.0,1919.0,1.7109,44600.0,INLAND
-118.96,35.4,28.0,4667.0,875.0,2404.0,841.0,3.2325,89000.0,INLAND
-118.95,35.4,23.0,4483.0,894.0,2136.0,883.0,3.6875,101700.0,INLAND
-118.96,35.39,23.0,5624.0,1148.0,2842.0,1042.0,3.1297,79000.0,INLAND
-118.94,35.38,26.0,4800.0,831.0,2365.0,743.0,3.7533,87000.0,INLAND
-118.94,35.4,14.0,5548.0,941.0,2815.0,935.0,4.2214,104600.0,INLAND
-118.9,35.41,6.0,4656.0,971.0,2320.0,935.0,3.0938,100800.0,INLAND
-118.91,35.37,32.0,4121.0,755.0,2590.0,721.0,3.3462,67600.0,INLAND
-119.03,35.39,28.0,4513.0,764.0,1593.0,763.0,2.9821,118700.0,INLAND
-119.05,35.36,30.0,4635.0,800.0,2307.0,754.0,3.6548,84700.0,INLAND
-119.05,35.36,16.0,4507.0,1049.0,2261.0,959.0,3.3261,118400.0,INLAND
-119.07,35.36,19.0,5254.0,894.0,2155.0,831.0,4.6705,110700.0,INLAND
-119.08,35.36,12.0,6442.0,1116.0,2966.0,1092.0,4.5791,123400.0,INLAND
-119.04,35.35,27.0,4590.0,897.0,2212.0,894.0,3.1753,85000.0,INLAND
-119.06,35.35,20.0,9351.0,2139.0,4584.0,1953.0,2.575,69900.0,INLAND
-119.05,35.33,18.0,12707.0,2685.0,7009.0,2552.0,2.9438,87200.0,INLAND
-119.07,35.35,24.0,4119.0,865.0,1294.0,879.0,2.4123,86200.0,INLAND
-119.07,35.34,16.0,4201.0,786.0,1667.0,724.0,4.8839,134100.0,INLAND
-119.12,35.33,4.0,8574.0,1489.0,4250.0,1444.0,5.1036,103400.0,INLAND
-119.1,35.35,5.0,4597.0,1071.0,1916.0,870.0,4.0327,131000.0,INLAND
-119.08,35.34,18.0,4070.0,512.0,1580.0,540.0,10.5941,245800.0,INLAND
-119.1,35.33,4.0,6640.0,898.0,3121.0,902.0,6.759,170300.0,INLAND
-119.08,35.32,8.0,11609.0,2141.0,5696.0,2100.0,5.0012,106300.0,INLAND
-119.09,35.33,9.0,7085.0,1148.0,3084.0,1052.0,4.997,142900.0,INLAND
-119.07,35.33,13.0,9027.0,1901.0,4870.0,1797.0,3.406,100700.0,INLAND
-119.06,35.33,14.0,5264.0,1064.0,3278.0,1049.0,3.8117,82800.0,INLAND
-119.05,35.32,11.0,7035.0,1455.0,3525.0,1387.0,3.4827,93600.0,INLAND
-119.05,35.3,9.0,10822.0,1994.0,6241.0,1906.0,4.0631,88200.0,INLAND
-119.02,35.3,10.0,7397.0,1369.0,4611.0,1310.0,3.6369,81600.0,INLAND
-119.01,35.32,23.0,4870.0,965.0,2717.0,928.0,2.596,70000.0,INLAND
-119.01,35.31,19.0,7092.0,1517.0,4101.0,1436.0,2.1006,74800.0,INLAND
-119.01,35.3,7.0,8596.0,1597.0,4893.0,1520.0,3.9054,80900.0,INLAND
-119.13,35.22,5.0,6268.0,1003.0,3269.0,980.0,5.1457,118200.0,INLAND
-119.01,35.28,10.0,7011.0,1453.0,4163.0,1307.0,2.7659,77500.0,INLAND
-119.15,34.83,6.0,8733.0,1600.0,2006.0,736.0,4.5724,168400.0,INLAND
-119.16,34.95,14.0,4054.0,787.0,1581.0,579.0,3.0882,148200.0,INLAND
-119.46,35.17,40.0,4164.0,812.0,1998.0,773.0,2.8323,50800.0,INLAND
-119.47,35.14,19.0,4190.0,690.0,1973.0,702.0,3.9929,88300.0,INLAND
-119.45,35.15,33.0,5050.0,964.0,2293.0,919.0,3.1592,75400.0,INLAND
-119.47,35.13,44.0,4599.0,877.0,2140.0,831.0,2.9952,63800.0,INLAND
-119.12,35.41,12.0,5589.0,941.0,3018.0,917.0,4.4561,96900.0,INLAND
-119.2,35.37,6.0,7383.0,1095.0,3415.0,1059.0,5.3119,157300.0,INLAND
-119.12,35.37,13.0,4527.0,713.0,2170.0,671.0,4.8266,146200.0,INLAND
-118.47,35.72,18.0,4754.0,1075.0,1366.0,690.0,2.0694,81200.0,INLAND
-118.41,35.63,15.0,5907.0,1257.0,2310.0,1001.0,2.3125,96900.0,INLAND
-118.48,35.61,17.0,4002.0,930.0,1614.0,731.0,1.6236,67300.0,INLAND
-118.45,35.58,16.0,5396.0,1182.0,1802.0,807.0,1.8819,69700.0,INLAND
-117.68,35.63,18.0,4334.0,641.0,1777.0,661.0,6.0653,105300.0,INLAND
-117.68,35.61,9.0,4241.0,832.0,1929.0,742.0,3.5988,84500.0,INLAND
-117.66,35.62,11.0,5897.0,1138.0,2728.0,1072.0,4.15,85700.0,INLAND
-117.66,35.61,5.0,5735.0,932.0,2623.0,862.0,4.8494,87200.0,INLAND
-117.98,35.13,5.0,4849.0,920.0,2504.0,847.0,3.5391,81900.0,INLAND
-118.34,34.86,11.0,7353.0,1482.0,3571.0,1308.0,2.8097,130000.0,INLAND
-118.15,34.86,10.0,4597.0,1009.0,2227.0,821.0,2.6149,83500.0,INLAND
-118.51,35.16,7.0,4371.0,727.0,1932.0,654.0,4.625,136800.0,INLAND
-118.66,35.2,7.0,9664.0,1692.0,3617.0,1370.0,4.0581,162900.0,INLAND
-118.48,35.14,4.0,8417.0,1657.0,4631.0,1468.0,3.6949,115800.0,INLAND
-118.61,34.99,11.0,4031.0,766.0,1539.0,564.0,3.8917,120800.0,INLAND
-118.46,35.12,16.0,4084.0,812.0,2033.0,668.0,3.2405,85500.0,INLAND
-118.9,35.26,31.0,6145.0,1492.0,5666.0,1457.0,1.9066,54600.0,INLAND
-119.93,36.32,25.0,8363.0,1636.0,7679.0,1580.0,2.0285,106300.0,INLAND
-119.79,36.31,25.0,4984.0,1029.0,2414.0,961.0,2.2937,72300.0,INLAND
-122.65,38.99,16.0,4279.0,951.0,1596.0,666.0,1.8571,75900.0,INLAND
-122.75,39.01,17.0,4162.0,967.0,889.0,414.0,3.4187,200500.0,INLAND
-122.78,38.97,11.0,5175.0,971.0,2144.0,792.0,3.0466,97300.0,INLAND
-121.03,40.35,52.0,5486.0,1044.0,1977.0,754.0,2.1833,49500.0,INLAND
-120.67,40.5,15.0,5343.0,280.0,2503.0,902.0,3.5962,85900.0,INLAND
-120.71,40.36,19.0,4462.0,828.0,2229.0,777.0,3.5536,105700.0,INLAND
-117.71,34.15,17.0,17715.0,2370.0,7665.0,2312.0,7.9068,349100.0,INLAND
-117.78,34.13,18.0,7798.0,1161.0,3710.0,1227.0,5.8819,260500.0,INLAND
-117.76,34.13,8.0,16759.0,2274.0,7249.0,2156.0,7.4837,358700.0,INLAND
-117.8,34.15,14.0,7876.0,1253.0,3699.0,1162.0,5.5423,248700.0,INLAND
-117.8,34.11,25.0,5039.0,821.0,2654.0,802.0,4.7969,211700.0,INLAND
-117.8,34.1,17.0,5153.0,1164.0,2949.0,1083.0,3.5603,174600.0,INLAND
-117.83,34.14,26.0,8254.0,1153.0,3460.0,1131.0,6.5253,349900.0,INLAND
-117.87,34.15,24.0,5745.0,735.0,2061.0,679.0,8.2827,451400.0,INLAND
-117.93,34.15,14.0,9610.0,2005.0,4723.0,1907.0,4.0393,156800.0,INLAND
-117.85,34.12,30.0,4367.0,1033.0,2524.0,954.0,3.0448,192100.0,INLAND
-117.85,34.11,25.0,9255.0,1659.0,4944.0,1627.0,4.5708,223000.0,INLAND
-117.81,34.08,13.0,18448.0,2474.0,7775.0,2397.0,7.7876,348900.0,INLAND
-117.81,34.12,23.0,7063.0,1176.0,3100.0,1112.0,4.8229,192600.0,INLAND
-117.83,34.1,18.0,11026.0,1978.0,5407.0,1923.0,4.075,231100.0,INLAND
-117.76,34.1,28.0,4086.0,871.0,1973.0,853.0,2.621,202200.0,INLAND
-117.76,34.12,16.0,9020.0,1509.0,3575.0,1486.0,4.2415,275700.0,INLAND
-117.77,34.12,15.0,4260.0,770.0,2007.0,695.0,4.4609,230000.0,INLAND
-117.76,34.11,22.0,4935.0,954.0,2874.0,938.0,3.9825,180500.0,INLAND
-117.78,34.11,23.0,7079.0,1381.0,3205.0,1327.0,3.0735,212300.0,INLAND
-117.75,34.12,25.0,5411.0,998.0,2243.0,1019.0,4.3148,240700.0,INLAND
-117.75,34.1,21.0,8069.0,2174.0,4369.0,2036.0,3.2756,156800.0,INLAND
-117.71,34.12,20.0,11250.0,1893.0,4952.0,1859.0,5.6785,239500.0,INLAND
-117.73,34.12,26.0,6459.0,894.0,2487.0,885.0,6.2089,261800.0,INLAND
-117.72,34.09,33.0,4979.0,934.0,2575.0,874.0,3.7958,152500.0,INLAND
-117.77,34.08,27.0,5929.0,932.0,2817.0,828.0,6.0434,214800.0,INLAND
-117.72,34.07,33.0,4100.0,740.0,2580.0,730.0,3.7321,134200.0,INLAND
-117.73,34.08,28.0,5173.0,1069.0,3502.0,954.0,3.8438,130800.0,INLAND
-117.73,34.07,34.0,4038.0,725.0,2716.0,759.0,4.1339,135000.0,INLAND
-117.98,34.1,22.0,5661.0,1209.0,5389.0,1178.0,3.7727,159700.0,INLAND
-117.96,34.1,35.0,4036.0,904.0,3878.0,846.0,3.2957,141600.0,INLAND
-117.95,34.16,17.0,7116.0,1089.0,3538.0,1083.0,6.2654,273800.0,INLAND
-117.97,34.17,35.0,5005.0,848.0,2112.0,813.0,4.9968,295000.0,INLAND
-118.05,34.15,32.0,5131.0,665.0,1877.0,622.0,8.2004,500001.0,INLAND
-118.06,34.13,40.0,4307.0,918.0,1769.0,845.0,3.6341,391500.0,INLAND
-118.06,34.13,28.0,12139.0,2873.0,5359.0,2731.0,3.292,227300.0,INLAND
-118.03,34.14,31.0,4353.0,1117.0,2338.0,1037.0,3.0727,242600.0,INLAND
-118.02,34.14,31.0,6854.0,1578.0,4131.0,1524.0,3.5878,222800.0,INLAND
-118.01,34.15,32.0,6597.0,1579.0,3689.0,1459.0,3.2377,184100.0,INLAND
-117.98,34.14,27.0,6341.0,1289.0,2899.0,1192.0,3.6336,235200.0,INLAND
-118.05,34.12,20.0,5218.0,959.0,2302.0,850.0,3.55,476700.0,INLAND
-118.01,34.07,22.0,6311.0,1572.0,6666.0,1456.0,2.9334,182600.0,INLAND
-118.01,34.07,24.0,5684.0,1485.0,6626.0,1481.0,2.2559,166800.0,INLAND
-118.07,34.17,34.0,4062.0,597.0,1525.0,566.0,7.8588,454800.0,INLAND
-118.11,34.2,36.0,4915.0,725.0,1897.0,700.0,6.827,359400.0,INLAND
-118.1,34.17,44.0,4505.0,894.0,2296.0,899.0,3.4811,300500.0,INLAND
-118.08,34.13,28.0,4465.0,985.0,2273.0,949.0,3.5671,228500.0,INLAND
-117.84,34.63,5.0,6739.0,1251.0,4614.0,1266.0,4.002,115100.0,INLAND
-117.78,34.58,6.0,10263.0,1864.0,6163.0,1781.0,3.8803,120000.0,INLAND
-118.09,34.68,4.0,23386.0,4171.0,10493.0,3671.0,4.0211,144000.0,INLAND
-118.11,34.68,6.0,7430.0,1184.0,3489.0,1115.0,5.3267,140100.0,INLAND
-118.12,34.68,12.0,5319.0,875.0,2439.0,779.0,4.6629,131500.0,INLAND
-118.09,34.71,5.0,5807.0,1182.0,2602.0,1007.0,2.4012,159400.0,INLAND
-118.1,34.7,5.0,10356.0,1647.0,4562.0,1427.0,4.9806,141100.0,INLAND
-118.09,34.7,6.0,4558.0,804.0,1543.0,563.0,2.8548,138500.0,INLAND
-118.12,34.71,26.0,4230.0,823.0,2789.0,793.0,2.5179,104000.0,INLAND
-118.12,34.7,7.0,4915.0,885.0,2833.0,874.0,4.3229,130000.0,INLAND
-118.16,34.68,9.0,4303.0,900.0,2240.0,861.0,3.7807,110900.0,INLAND
-118.15,34.67,5.0,12317.0,2953.0,6291.0,2654.0,3.5732,146900.0,INLAND
-118.16,34.71,27.0,6007.0,998.0,2680.0,882.0,4.1719,117200.0,INLAND
-118.2,34.69,5.0,9076.0,1503.0,7694.0,1278.0,4.875,163400.0,INLAND
-118.17,34.69,12.0,4881.0,803.0,2188.0,724.0,4.1667,171900.0,INLAND
-118.17,34.68,13.0,5341.0,773.0,2288.0,724.0,6.6772,185600.0,INLAND
-118.19,34.67,8.0,11275.0,1822.0,5731.0,1692.0,5.0285,167900.0,INLAND
-118.17,34.67,5.0,8352.0,1555.0,3723.0,1389.0,4.5659,140300.0,INLAND
-118.21,34.65,17.0,4001.0,814.0,2313.0,756.0,3.0441,140100.0,INLAND
-118.29,34.65,18.0,6893.0,1372.0,2837.0,1221.0,3.3173,218400.0,INLAND
-118.4,34.7,10.0,4122.0,814.0,2164.0,710.0,4.2941,151600.0,INLAND
-117.93,34.57,5.0,5613.0,1060.0,3569.0,999.0,3.1946,132700.0,INLAND
-118.16,34.6,2.0,11008.0,1549.0,4098.0,1367.0,6.4865,204400.0,INLAND
-118.16,34.6,5.0,7294.0,1139.0,3123.0,930.0,4.9904,154100.0,INLAND
-118.22,34.63,4.0,14348.0,2145.0,5839.0,1806.0,5.3799,222400.0,INLAND
-118.14,34.57,6.0,9882.0,1892.0,4892.0,1621.0,3.7636,167600.0,INLAND
-118.12,34.56,5.0,6446.0,1154.0,3427.0,1104.0,3.9936,148500.0,INLAND
-118.1,34.57,7.0,20377.0,4335.0,11973.0,3933.0,3.3086,138100.0,INLAND
-118.09,34.57,4.0,9761.0,1683.0,4970.0,1535.0,4.5266,142900.0,INLAND
-118.07,34.56,5.0,10264.0,1821.0,5871.0,1790.0,4.2329,145500.0,INLAND
-118.08,34.56,14.0,5144.0,887.0,2846.0,824.0,4.5615,137200.0,INLAND
-118.03,34.58,4.0,9849.0,1780.0,4546.0,1598.0,4.0729,154300.0,INLAND
-118.02,34.57,4.0,10655.0,1706.0,5391.0,1529.0,5.083,151300.0,INLAND
-118.08,34.55,5.0,16181.0,2971.0,8152.0,2651.0,4.5237,141800.0,INLAND
-118.37,34.43,11.0,17339.0,2866.0,8721.0,2803.0,5.9507,225200.0,INLAND
-118.22,34.52,7.0,4524.0,735.0,2298.0,717.0,6.5538,311600.0,INLAND
-118.26,34.5,6.0,5813.0,908.0,2275.0,790.0,4.7778,340400.0,INLAND
-118.5,34.52,3.0,6577.0,1056.0,3032.0,1004.0,5.9263,251800.0,INLAND
-118.55,34.44,14.0,15348.0,2366.0,7087.0,2169.0,6.3277,237700.0,INLAND
-118.61,34.59,5.0,4028.0,896.0,2062.0,826.0,4.0579,167100.0,INLAND
-118.7,34.53,5.0,14275.0,2474.0,7158.0,2311.0,5.4284,236300.0,INLAND
-118.61,34.38,2.0,5989.0,883.0,1787.0,613.0,6.6916,329500.0,INLAND
-119.53,37.34,26.0,4047.0,702.0,571.0,199.0,2.3482,179500.0,INLAND
-119.77,37.19,8.0,5212.0,872.0,2383.0,857.0,4.1099,113600.0,INLAND
-119.67,37.27,13.0,5087.0,981.0,2284.0,913.0,2.7413,123100.0,INLAND
-120.06,37.02,13.0,6301.0,1080.0,3840.0,1033.0,3.5258,84900.0,INLAND
-119.81,36.92,14.0,4795.0,710.0,2047.0,640.0,4.665,121300.0,INLAND
-120.59,37.39,16.0,4717.0,1119.0,3589.0,1017.0,2.1061,72800.0,INLAND
-120.61,37.32,18.0,5009.0,826.0,2497.0,805.0,4.25,146300.0,INLAND
-120.5,37.37,18.0,8606.0,1678.0,5303.0,1644.0,2.4012,79700.0,INLAND
-120.48,37.34,8.0,6146.0,1017.0,2821.0,987.0,4.67,127600.0,INLAND
-120.46,37.33,17.0,6111.0,1171.0,2950.0,1104.0,3.2852,98800.0,INLAND
-120.45,37.31,20.0,4379.0,753.0,2055.0,716.0,3.7652,133500.0,INLAND
-120.44,37.31,21.0,6911.0,1341.0,3967.0,1297.0,3.0515,95200.0,INLAND
-120.51,37.29,20.0,4927.0,1042.0,4205.0,1009.0,1.7679,79800.0,INLAND
-120.87,37.05,29.0,4176.0,779.0,2092.0,741.0,2.595,104200.0,INLAND
-120.55,41.61,22.0,9047.0,1831.0,4276.0,1622.0,2.0802,47900.0,INLAND
-119.02,37.64,14.0,5919.0,1278.0,265.0,112.0,3.2431,221400.0,INLAND
-118.99,37.63,10.0,7744.0,1573.0,483.0,224.0,3.2917,231800.0,INLAND
-122.4,38.41,20.0,4867.0,1015.0,1725.0,1015.0,2.5685,267600.0,INLAND
-122.21,38.41,12.0,4270.0,654.0,1624.0,598.0,5.5266,331300.0,INLAND
-121.07,39.15,15.0,6828.0,1319.0,3002.0,1318.0,2.4726,143400.0,INLAND
-121.07,39.13,8.0,4839.0,832.0,1977.0,762.0,4.0848,155900.0,INLAND
-121.21,39.24,7.0,4194.0,673.0,1355.0,566.0,4.3702,226100.0,INLAND
-120.26,39.32,24.0,6012.0,1227.0,780.0,358.0,3.0043,122100.0,INLAND
-120.24,39.35,8.0,4195.0,725.0,291.0,115.0,3.4792,180800.0,INLAND
-120.91,38.98,13.0,7689.0,1415.0,3264.0,1198.0,3.653,146800.0,INLAND
-121.06,38.91,18.0,6501.0,1416.0,2954.0,1373.0,2.5373,143000.0,INLAND
-121.06,38.88,17.0,7635.0,1284.0,3096.0,1227.0,4.2917,184300.0,INLAND
-121.14,38.77,15.0,10282.0,1333.0,3868.0,1300.0,6.4789,287800.0,INLAND
-121.21,38.75,11.0,4552.0,639.0,2006.0,623.0,4.3962,264400.0,INLAND
-121.2,38.73,11.0,4897.0,636.0,1931.0,616.0,7.7499,334800.0,INLAND
-121.24,38.75,5.0,9137.0,1368.0,3667.0,1294.0,5.4896,229600.0,INLAND
-121.26,38.74,22.0,7173.0,1314.0,3526.0,1316.0,3.3941,135900.0,INLAND
-121.28,38.73,6.0,4223.0,672.0,1747.0,631.0,5.419,267400.0,INLAND
-121.27,38.72,6.0,4664.0,644.0,2105.0,663.0,6.0804,198700.0,INLAND
-121.25,38.72,10.0,7277.0,1168.0,3507.0,1131.0,4.485,179400.0,INLAND
-121.27,38.75,21.0,4812.0,1117.0,1985.0,1045.0,2.5083,128500.0,INLAND
-121.28,38.74,33.0,4384.0,778.0,1775.0,789.0,4.05,134700.0,INLAND
-121.3,38.73,9.0,5558.0,1099.0,2717.0,1043.0,3.6455,139200.0,INLAND
-121.31,38.75,7.0,4185.0,750.0,2147.0,706.0,4.0519,129200.0,INLAND
-121.3,38.74,41.0,4374.0,1039.0,2387.0,959.0,2.3611,87900.0,INLAND
-121.33,38.77,3.0,20214.0,3559.0,8361.0,3112.0,4.2259,169300.0,INLAND
-121.28,38.8,7.0,9003.0,1739.0,4445.0,1591.0,3.816,147900.0,INLAND
-121.24,38.82,5.0,12259.0,1643.0,4819.0,1582.0,5.4498,217300.0,INLAND
-121.25,38.8,14.0,5094.0,729.0,1974.0,705.0,5.5205,188700.0,INLAND
-121.19,38.85,8.0,4114.0,710.0,2268.0,716.0,4.4085,139400.0,INLAND
-121.18,38.83,15.0,4488.0,859.0,2114.0,805.0,2.9484,124400.0,INLAND
-121.32,38.89,9.0,5927.0,1269.0,3369.0,1176.0,2.8194,111300.0,INLAND
-121.1,38.92,21.0,4064.0,871.0,1847.0,859.0,3.0321,135500.0,INLAND
-121.07,38.92,15.0,5301.0,884.0,2335.0,831.0,4.515,164000.0,INLAND
-121.15,39.0,15.0,4145.0,691.0,1872.0,680.0,4.3553,220600.0,INLAND
-121.08,38.93,14.0,4239.0,824.0,1729.0,794.0,2.4278,167700.0,INLAND
-121.04,39.0,21.0,4059.0,730.0,1874.0,693.0,4.8051,174300.0,INLAND
-121.02,39.01,17.0,4786.0,799.0,2066.0,770.0,3.9734,185400.0,INLAND
-120.58,39.27,15.0,4126.0,903.0,723.0,266.0,3.0147,118800.0,INLAND
-120.18,39.28,14.0,10098.0,1545.0,701.0,254.0,4.0819,141300.0,INLAND
-120.22,39.2,22.0,8259.0,1409.0,845.0,353.0,3.3699,244000.0,INLAND
-120.98,39.08,20.0,4570.0,906.0,2125.0,815.0,3.0403,148000.0,INLAND
-121.15,40.25,14.0,5156.0,880.0,616.0,281.0,3.3462,145200.0,INLAND
-117.36,34.0,19.0,4592.0,895.0,2769.0,838.0,3.3622,105100.0,INLAND
-117.35,33.98,31.0,4163.0,1242.0,3928.0,1076.0,1.6943,85900.0,INLAND
-117.37,33.94,14.0,9286.0,1269.0,3565.0,1238.0,6.6635,219600.0,INLAND
-117.36,33.92,7.0,9376.0,1181.0,3570.0,1107.0,8.5326,315200.0,INLAND
-117.41,33.96,24.0,4481.0,901.0,2398.0,823.0,3.864,123400.0,INLAND
-117.42,33.95,32.0,4251.0,848.0,2494.0,798.0,2.8173,110800.0,INLAND
-117.41,33.94,22.0,4179.0,1081.0,2096.0,1013.0,2.4435,118500.0,INLAND
-117.43,33.93,15.0,4836.0,1368.0,3012.0,1240.0,2.1865,129300.0,INLAND
-117.45,33.93,20.0,5998.0,1320.0,3185.0,1199.0,3.2731,113900.0,INLAND
-117.44,33.9,23.0,4487.0,754.0,2609.0,778.0,4.2788,148700.0,INLAND
-117.43,33.91,15.0,14281.0,2511.0,7540.0,2245.0,4.3222,138000.0,INLAND
-117.42,34.02,9.0,5455.0,882.0,3015.0,858.0,4.2321,162800.0,INLAND
-117.42,33.98,16.0,10072.0,2043.0,5913.0,1909.0,3.0606,119500.0,INLAND
-117.44,33.99,12.0,9966.0,1517.0,5008.0,1492.0,4.5625,171300.0,INLAND
-117.47,33.98,8.0,12106.0,1913.0,5810.0,1717.0,4.9886,158100.0,INLAND
-117.51,34.02,24.0,7779.0,1835.0,3996.0,1765.0,2.1764,135300.0,INLAND
-117.48,34.0,12.0,6751.0,1153.0,3266.0,1134.0,3.8529,145500.0,INLAND
-117.52,33.99,14.0,13562.0,2057.0,7600.0,2086.0,5.2759,182900.0,INLAND
-117.53,33.94,21.0,5675.0,935.0,2834.0,865.0,4.2263,203200.0,INLAND
-117.55,33.94,30.0,5398.0,926.0,2672.0,864.0,4.4762,163900.0,INLAND
-117.59,33.91,7.0,10223.0,1491.0,5205.0,1509.0,5.4872,203400.0,INLAND
-117.52,33.89,2.0,17978.0,3217.0,7305.0,2463.0,5.1695,220800.0,INLAND
-117.55,33.93,25.0,5187.0,934.0,2725.0,860.0,4.1865,154300.0,INLAND
-117.58,33.92,16.0,4157.0,586.0,2036.0,594.0,6.155,246400.0,INLAND
-117.5,33.93,19.0,4741.0,835.0,2903.0,796.0,4.3723,135600.0,INLAND
-117.49,33.91,17.0,5364.0,1020.0,3754.0,936.0,3.2857,139100.0,INLAND
-117.51,33.95,12.0,9016.0,1486.0,4285.0,1457.0,4.9984,169100.0,INLAND
-117.47,33.95,15.0,6248.0,1249.0,3795.0,1128.0,4.1264,124600.0,INLAND
-117.5,33.96,12.0,7923.0,1470.0,4861.0,1385.0,4.2985,139200.0,INLAND
-117.46,33.93,16.0,4112.0,880.0,2821.0,857.0,3.0122,114700.0,INLAND
-117.46,33.93,19.0,4780.0,861.0,3043.0,766.0,3.7431,132800.0,INLAND
-117.46,33.9,10.0,9738.0,2130.0,4936.0,1840.0,3.3187,144800.0,INLAND
-117.48,33.89,14.0,10395.0,1799.0,6295.0,1855.0,4.7295,149900.0,INLAND
-117.49,33.9,7.0,10235.0,2238.0,5271.0,2094.0,3.6071,159100.0,INLAND
-117.51,33.89,16.0,5418.0,1005.0,2690.0,1088.0,4.0556,158000.0,INLAND
-117.5,33.87,4.0,6755.0,1017.0,2866.0,850.0,5.0493,239800.0,INLAND
-117.55,33.85,4.0,8207.0,1373.0,3887.0,1304.0,4.8686,195300.0,INLAND
-117.58,33.85,6.0,16431.0,2640.0,8222.0,2553.0,5.2861,195100.0,INLAND
-117.56,33.86,25.0,6964.0,1066.0,3240.0,1036.0,5.2898,177100.0,INLAND
-117.55,33.87,18.0,8136.0,1584.0,4976.0,1516.0,3.9414,137100.0,INLAND
-117.6,33.87,18.0,6450.0,1165.0,3716.0,1113.0,4.2721,150300.0,INLAND
-117.6,33.87,15.0,7626.0,1570.0,3823.0,1415.0,3.4419,138100.0,INLAND
-117.33,33.9,2.0,12837.0,1842.0,4636.0,1453.0,5.1512,187800.0,INLAND
-117.36,33.88,10.0,5600.0,848.0,2573.0,788.0,5.0346,240500.0,INLAND
-117.43,33.81,13.0,4770.0,718.0,1985.0,662.0,4.2273,295200.0,INLAND
-117.4,33.85,9.0,7538.0,1125.0,3450.0,1077.0,5.4625,223600.0,INLAND
-117.28,33.89,33.0,6982.0,1371.0,5650.0,1195.0,2.5379,152700.0,INLAND
-117.34,33.96,15.0,6437.0,1298.0,2805.0,1205.0,4.1883,184500.0,INLAND
-117.34,33.94,20.0,4589.0,594.0,1660.0,595.0,7.4141,236500.0,INLAND
-117.34,33.94,13.0,7910.0,280.0,3382.0,1176.0,5.5563,214500.0,INLAND
-117.31,33.94,7.0,11232.0,1791.0,4218.0,1644.0,5.2713,216500.0,INLAND
-117.34,33.98,10.0,17286.0,4952.0,9851.0,4616.0,1.7579,103400.0,INLAND
-117.32,33.99,27.0,5464.0,850.0,2400.0,836.0,4.711,133500.0,INLAND
-117.29,33.97,4.0,18767.0,3032.0,8805.0,2723.0,4.6667,160600.0,INLAND
-117.24,33.95,11.0,6617.0,1118.0,3710.0,1087.0,4.7877,132600.0,INLAND
-117.23,33.94,7.0,13195.0,2696.0,6763.0,2437.0,3.5851,142000.0,INLAND
-117.25,33.95,5.0,13096.0,2208.0,6780.0,2180.0,4.2775,138700.0,INLAND
-117.23,33.96,5.0,9179.0,1361.0,4573.0,1294.0,5.253,163300.0,INLAND
-117.21,33.95,5.0,8403.0,1240.0,3962.0,1150.0,5.2174,155500.0,INLAND
-117.14,33.94,5.0,4873.0,639.0,1947.0,568.0,6.3223,223200.0,INLAND
-117.21,33.97,3.0,18356.0,2537.0,8437.0,2342.0,5.6409,197700.0,INLAND
-117.27,33.92,13.0,8443.0,1744.0,4885.0,1470.0,3.0907,127200.0,INLAND
-117.24,33.93,12.0,7105.0,1447.0,4520.0,1333.0,3.2705,113200.0,INLAND
-117.25,33.93,8.0,10110.0,1761.0,5804.0,1703.0,4.2654,137600.0,INLAND
-117.25,33.92,7.0,9812.0,1914.0,5595.0,1729.0,4.1482,124600.0,INLAND
-117.23,33.91,9.0,11654.0,2100.0,7596.0,2127.0,4.0473,127200.0,INLAND
-117.23,33.89,5.0,11775.0,2031.0,6686.0,1911.0,4.1953,136600.0,INLAND
-117.22,33.93,14.0,5104.0,1026.0,3513.0,972.0,3.2148,117000.0,INLAND
-117.22,33.92,5.0,16884.0,2865.0,9509.0,2688.0,4.0938,130900.0,INLAND
-117.21,33.93,4.0,10002.0,1468.0,5439.0,1397.0,5.0223,152600.0,INLAND
-117.22,33.9,8.0,8302.0,1461.0,5155.0,1370.0,4.0467,121500.0,INLAND
-117.19,33.9,3.0,21060.0,3366.0,9623.0,2812.0,4.189,143000.0,INLAND
-117.21,33.82,2.0,4198.0,805.0,1943.0,673.0,3.9052,122100.0,INLAND
-117.22,33.81,4.0,9911.0,1946.0,5145.0,1661.0,3.4237,113700.0,INLAND
-117.11,33.75,17.0,4174.0,851.0,1845.0,780.0,2.2618,96100.0,INLAND
-117.16,33.76,11.0,4934.0,929.0,2508.0,840.0,2.625,155400.0,INLAND
-117.14,33.81,13.0,4496.0,756.0,2044.0,695.0,3.2778,148800.0,INLAND
-117.22,33.8,3.0,5284.0,920.0,2703.0,729.0,4.0717,126500.0,INLAND
-117.07,33.72,16.0,4928.0,960.0,2132.0,853.0,2.7983,112500.0,INLAND
-117.11,33.74,18.0,4799.0,1035.0,1966.0,944.0,2.1182,71300.0,INLAND
-117.15,33.7,2.0,6305.0,1265.0,2489.0,1152.0,3.1319,111500.0,INLAND
-117.29,33.83,15.0,4173.0,804.0,2393.0,713.0,2.4662,118300.0,INLAND
-117.26,33.81,22.0,4249.0,922.0,2405.0,846.0,2.1549,146500.0,INLAND
-117.24,33.77,9.0,6907.0,1379.0,3665.0,1290.0,2.8401,104200.0,INLAND
-117.02,33.71,6.0,8278.0,1579.0,3062.0,1446.0,3.0043,134700.0,INLAND
-116.91,33.71,19.0,6807.0,1164.0,2703.0,1055.0,3.1591,189700.0,INLAND
-116.99,33.73,13.0,16148.0,3474.0,6159.0,3232.0,1.9961,97800.0,INLAND
-116.95,33.75,23.0,4676.0,1096.0,2770.0,1057.0,1.7847,109500.0,INLAND
-116.93,33.75,14.0,6027.0,1148.0,3136.0,1036.0,2.964,121500.0,INLAND
-116.96,33.73,20.0,4735.0,973.0,2306.0,904.0,3.069,87000.0,INLAND
-116.95,33.73,21.0,4587.0,810.0,2233.0,765.0,3.2371,94500.0,INLAND
-116.94,33.73,17.0,5160.0,851.0,2344.0,781.0,3.7175,120000.0,INLAND
-116.99,33.75,18.0,9601.0,2401.0,4002.0,2106.0,1.4366,77000.0,INLAND
-116.98,33.74,25.0,4952.0,1062.0,1589.0,1024.0,1.8446,85700.0,INLAND
-116.94,33.77,14.0,7240.0,1410.0,2708.0,1240.0,2.4145,137600.0,INLAND
-116.95,33.76,10.0,6890.0,1702.0,3141.0,1451.0,1.7079,95900.0,INLAND
-116.98,33.77,12.0,5829.0,1309.0,2711.0,1118.0,1.9707,107900.0,INLAND
-116.99,33.76,12.0,7626.0,1704.0,2823.0,1554.0,2.1722,69400.0,INLAND
-117.0,33.74,8.0,5330.0,1529.0,2143.0,1107.0,2.1103,94400.0,INLAND
-116.99,33.77,7.0,10352.0,2007.0,3559.0,1689.0,2.2925,113100.0,INLAND
-117.02,33.81,10.0,6317.0,1335.0,2625.0,1094.0,2.3,108900.0,INLAND
-116.95,33.79,8.0,10997.0,2205.0,5060.0,1949.0,2.1979,95300.0,INLAND
-116.87,33.76,5.0,4116.0,761.0,1714.0,717.0,2.5612,130800.0,INLAND
-116.91,33.75,13.0,10886.0,2127.0,4266.0,1955.0,2.3169,123400.0,INLAND
-117.04,34.0,21.0,4624.0,852.0,2174.0,812.0,3.5255,132100.0,INLAND
-116.99,33.99,22.0,4227.0,658.0,1849.0,619.0,4.7356,195900.0,INLAND
-117.01,33.97,18.0,4775.0,886.0,1868.0,836.0,2.3355,118800.0,INLAND
-116.95,33.97,14.0,5320.0,974.0,1947.0,843.0,3.1393,116300.0,INLAND
-116.97,33.96,12.0,5876.0,1222.0,2992.0,1151.0,2.4322,112100.0,INLAND
-116.89,33.86,2.0,6900.0,1238.0,1950.0,980.0,3.0417,146300.0,INLAND
-116.93,33.93,13.0,7804.0,1594.0,3297.0,1469.0,2.0549,95600.0,INLAND
-116.89,33.93,29.0,4549.0,916.0,2494.0,912.0,2.0976,72600.0,INLAND
-116.87,33.94,35.0,4448.0,906.0,2736.0,843.0,2.218,73400.0,INLAND
-116.75,33.83,16.0,5277.0,1070.0,657.0,276.0,3.3333,143400.0,INLAND
-116.71,33.75,25.0,10665.0,2161.0,1874.0,852.0,3.0625,150500.0,INLAND
-116.39,33.82,15.0,11115.0,2257.0,4122.0,1653.0,2.7219,74400.0,INLAND
-116.44,33.93,17.0,5293.0,1266.0,1201.0,599.0,1.6849,88400.0,INLAND
-116.36,33.88,11.0,12557.0,3098.0,2453.0,1232.0,1.7844,78500.0,INLAND
-116.51,33.96,16.0,4913.0,1395.0,2518.0,1132.0,1.4665,61100.0,INLAND
-116.5,33.95,10.0,7249.0,1882.0,4274.0,1621.0,1.6983,66600.0,INLAND
-116.5,33.98,5.0,4332.0,868.0,1420.0,567.0,4.0417,146400.0,INLAND
-116.52,33.84,17.0,4465.0,859.0,853.0,445.0,3.6875,130400.0,INLAND
-116.57,33.84,18.0,7962.0,1652.0,2009.0,921.0,3.3897,230200.0,INLAND
-116.53,33.85,16.0,10077.0,2186.0,3048.0,1337.0,2.9647,110900.0,INLAND
-116.53,33.84,28.0,8399.0,1839.0,3470.0,1340.0,2.5885,159000.0,INLAND
-116.52,33.85,13.0,7559.0,1444.0,3189.0,1105.0,3.4886,112500.0,INLAND
-116.52,33.82,21.0,10227.0,2315.0,3623.0,1734.0,2.5212,145200.0,INLAND
-116.54,33.82,12.0,9482.0,2501.0,2725.0,1300.0,1.5595,115600.0,INLAND
-116.5,33.81,26.0,5032.0,1229.0,3086.0,1183.0,2.5399,94800.0,INLAND
-116.52,33.81,12.0,12396.0,2552.0,2548.0,1265.0,3.4394,162200.0,INLAND
-116.54,33.81,31.0,6814.0,1714.0,2628.0,1341.0,2.1176,124100.0,INLAND
-116.54,33.81,24.0,6087.0,1217.0,1721.0,833.0,3.1493,199400.0,INLAND
-116.49,33.8,13.0,8789.0,1875.0,1274.0,688.0,3.7396,148900.0,INLAND
-116.54,33.8,22.0,6050.0,1387.0,1432.0,890.0,2.2216,183900.0,INLAND
-116.5,33.69,20.0,4810.0,1074.0,1304.0,740.0,2.25,248100.0,INLAND
-116.54,33.79,18.0,9374.0,1780.0,1678.0,919.0,3.9737,235600.0,INLAND
-116.53,33.88,5.0,4423.0,763.0,1906.0,667.0,4.6855,125200.0,INLAND
-116.48,33.84,5.0,5480.0,1371.0,1050.0,485.0,1.7204,137500.0,INLAND
-116.48,33.79,14.0,9425.0,2020.0,1711.0,1000.0,2.6298,145200.0,INLAND
-116.47,33.84,3.0,9169.0,1512.0,3838.0,1270.0,4.3111,142500.0,INLAND
-116.46,33.82,6.0,4863.0,920.0,3010.0,828.0,3.9508,104200.0,INLAND
-116.47,33.81,7.0,10105.0,2481.0,6274.0,2095.0,2.4497,90900.0,INLAND
-116.46,33.79,10.0,6960.0,1487.0,1130.0,661.0,2.1411,136400.0,INLAND
-116.43,33.81,8.0,6710.0,1343.0,2069.0,781.0,3.5223,115100.0,INLAND
-116.42,33.79,12.0,7095.0,1260.0,1179.0,570.0,4.9444,285000.0,INLAND
-116.43,33.78,17.0,4293.0,712.0,1091.0,464.0,6.1437,232100.0,INLAND
-116.45,33.78,16.0,5228.0,992.0,1177.0,639.0,3.0859,134600.0,INLAND
-116.42,33.76,14.0,16921.0,2837.0,2524.0,1262.0,7.6281,341700.0,INLAND
-116.45,33.8,9.0,5534.0,1206.0,2283.0,1008.0,3.6161,99100.0,INLAND
-116.36,33.78,6.0,24121.0,4522.0,4176.0,2221.0,3.3799,239300.0,INLAND
-116.38,33.74,7.0,17579.0,3479.0,3581.0,1820.0,4.084,194500.0,INLAND
-116.33,33.75,5.0,19107.0,3923.0,2880.0,1376.0,4.036,158500.0,INLAND
-116.31,33.73,19.0,12467.0,2508.0,4086.0,1761.0,3.2846,131900.0,INLAND
-116.47,33.77,26.0,4300.0,767.0,1557.0,669.0,4.4107,122500.0,INLAND
-116.38,33.73,10.0,11836.0,2405.0,3811.0,1570.0,4.0079,134500.0,INLAND
-116.37,33.72,17.0,8626.0,1859.0,3497.0,1337.0,3.312,121300.0,INLAND
-116.39,33.72,19.0,7646.0,1618.0,2496.0,1075.0,3.5569,128000.0,INLAND
-116.38,33.71,17.0,12509.0,2460.0,2737.0,1423.0,4.5556,258100.0,INLAND
-116.39,33.69,10.0,11659.0,2007.0,2186.0,1083.0,6.9833,238800.0,INLAND
-116.37,33.72,19.0,6190.0,1355.0,2242.0,1043.0,3.0021,152300.0,INLAND
-116.44,33.77,18.0,4872.0,1110.0,955.0,656.0,2.2439,97500.0,INLAND
-116.41,33.74,17.0,4289.0,893.0,958.0,440.0,2.4659,177800.0,INLAND
-116.37,33.69,7.0,8806.0,1542.0,858.0,448.0,7.8005,318100.0,INLAND
-116.33,33.72,11.0,12327.0,2000.0,2450.0,1139.0,7.4382,353100.0,INLAND
-116.29,33.67,12.0,5048.0,842.0,883.0,391.0,5.6918,231300.0,INLAND
-116.31,33.67,11.0,4686.0,851.0,2466.0,731.0,3.3333,91800.0,INLAND
-116.31,33.66,7.0,4497.0,831.0,2248.0,713.0,3.6354,98000.0,INLAND
-116.26,33.72,10.0,9404.0,1827.0,3208.0,1283.0,3.1086,105800.0,INLAND
-116.29,33.74,6.0,12991.0,2555.0,4571.0,1926.0,4.7195,199300.0,INLAND
-116.24,33.72,25.0,5236.0,1039.0,2725.0,935.0,3.775,93400.0,INLAND
-116.24,33.71,10.0,9033.0,2224.0,5525.0,1845.0,2.7598,95000.0,INLAND
-116.22,33.74,26.0,4120.0,858.0,2918.0,815.0,3.3107,69400.0,INLAND
-116.23,33.72,32.0,4981.0,1326.0,3779.0,1186.0,1.7805,76900.0,INLAND
-116.23,33.71,17.0,4874.0,1349.0,5032.0,1243.0,2.444,90000.0,INLAND
-116.26,33.65,3.0,7437.0,1222.0,574.0,302.0,10.2948,382400.0,INLAND
-116.19,33.69,11.0,5692.0,1346.0,5682.0,1273.0,2.5383,74000.0,INLAND
-114.59,33.61,34.0,4789.0,1175.0,3134.0,1056.0,2.1782,58400.0,INLAND
-121.43,38.58,35.0,5298.0,954.0,1933.0,918.0,3.9167,155700.0,INLAND
-121.46,38.58,52.0,4408.0,807.0,1604.0,777.0,3.8914,181600.0,INLAND
-121.5,38.58,20.0,4018.0,1220.0,1570.0,1122.0,2.5821,125000.0,INLAND
-121.49,38.55,51.0,4280.0,632.0,1486.0,621.0,5.0359,224100.0,INLAND
-121.5,38.55,49.0,4094.0,634.0,1363.0,659.0,5.2362,236800.0,INLAND
-121.52,38.51,23.0,6876.0,1456.0,2942.0,1386.0,3.0963,156900.0,INLAND
-121.51,38.49,21.0,4426.0,790.0,1856.0,761.0,4.1,158300.0,INLAND
-121.51,38.5,25.0,4719.0,745.0,1857.0,739.0,5.0371,180200.0,INLAND
-121.55,38.51,14.0,5490.0,851.0,2415.0,837.0,6.5253,216800.0,INLAND
-121.55,38.5,9.0,4868.0,738.0,2036.0,750.0,5.7621,204600.0,INLAND
-121.54,38.5,15.0,6093.0,1051.0,2415.0,997.0,4.2075,183600.0,INLAND
-121.54,38.51,17.0,8482.0,1590.0,3362.0,1513.0,4.2216,217900.0,INLAND
-121.53,38.51,20.0,6132.0,1324.0,2595.0,1174.0,3.1607,178900.0,INLAND
-121.52,38.5,19.0,4900.0,805.0,2519.0,855.0,4.8497,184400.0,INLAND
-121.53,38.48,5.0,27870.0,5027.0,11935.0,4855.0,4.8811,212200.0,INLAND
-121.54,38.49,6.0,9104.0,1535.0,3759.0,1481.0,5.1442,174500.0,INLAND
-121.5,38.49,32.0,4013.0,725.0,2032.0,675.0,3.3689,83400.0,INLAND
-121.49,38.49,26.0,4629.0,832.0,2902.0,816.0,2.735,74600.0,INLAND
-121.49,38.47,26.0,6121.0,1185.0,4224.0,1105.0,2.3496,68000.0,INLAND
-121.45,38.51,29.0,4221.0,901.0,2294.0,850.0,2.2245,75900.0,INLAND
-121.44,38.51,27.0,7212.0,1606.0,4828.0,1549.0,2.214,82400.0,INLAND
-121.42,38.51,15.0,7901.0,1422.0,4769.0,1418.0,2.8139,90400.0,INLAND
-121.42,38.5,24.0,7740.0,1539.0,4333.0,1397.0,3.025,87900.0,INLAND
-121.46,38.49,15.0,10211.0,1995.0,5656.0,1752.0,2.575,107900.0,INLAND
-121.44,38.49,31.0,4297.0,788.0,2083.0,771.0,3.3878,109300.0,INLAND
-121.43,38.48,12.0,4602.0,930.0,2299.0,860.0,3.0625,90500.0,INLAND
-121.44,38.48,12.0,4929.0,1010.0,2621.0,870.0,2.7262,109800.0,INLAND
-121.42,38.49,17.0,13180.0,2444.0,7235.0,2335.0,3.363,103000.0,INLAND
-121.42,38.48,13.0,7880.0,1992.0,4749.0,1882.0,1.9657,116000.0,INLAND
-121.4,38.49,12.0,7290.0,1283.0,3960.0,1248.0,3.5968,106300.0,INLAND
-121.38,38.49,11.0,8537.0,1643.0,4224.0,1648.0,2.9647,108900.0,INLAND
-121.39,38.56,19.0,8507.0,1470.0,3517.0,1453.0,4.3644,137400.0,INLAND
-121.41,38.56,17.0,7228.0,1369.0,2455.0,1365.0,5.1385,179500.0,INLAND
-121.37,38.57,22.0,4899.0,847.0,1701.0,826.0,5.2449,387000.0,INLAND
-121.41,38.57,16.0,4429.0,1124.0,1538.0,960.0,3.2443,190700.0,INLAND
-121.41,38.6,16.0,5407.0,1467.0,2523.0,1265.0,2.0471,104200.0,INLAND
-121.41,38.59,18.0,5527.0,1446.0,2883.0,1305.0,2.6485,114500.0,INLAND
-121.41,38.59,17.0,12355.0,3630.0,5692.0,3073.0,2.5245,99100.0,INLAND
-121.41,38.58,18.0,6955.0,1882.0,2803.0,1740.0,3.089,141400.0,INLAND
-121.39,38.6,22.0,5773.0,1320.0,2607.0,1250.0,2.5238,118800.0,INLAND
-121.35,38.6,27.0,4314.0,611.0,1662.0,575.0,5.0997,170100.0,INLAND
-121.36,38.64,24.0,6540.0,1008.0,2667.0,1031.0,5.5632,175200.0,INLAND
-121.36,38.63,28.0,6119.0,985.0,2631.0,934.0,4.875,146400.0,INLAND
-121.35,38.62,28.0,4175.0,796.0,2032.0,830.0,3.4299,164000.0,INLAND
-121.35,38.61,25.0,4916.0,1243.0,2140.0,1136.0,2.5511,134100.0,INLAND
-121.38,38.64,19.0,4563.0,1069.0,2256.0,926.0,2.1472,143400.0,INLAND
-121.37,38.63,30.0,5996.0,1018.0,2532.0,1049.0,4.6127,151800.0,INLAND
-121.39,38.62,27.0,5693.0,1487.0,2334.0,1387.0,2.2844,170500.0,INLAND
-121.53,38.61,5.0,8149.0,1913.0,2933.0,1616.0,3.6788,178800.0,INLAND
-121.49,38.63,6.0,12197.0,2617.0,5634.0,2329.0,3.7449,129300.0,INLAND
-121.5,38.62,8.0,16679.0,3457.0,7919.0,3329.0,3.7188,134500.0,INLAND
-121.49,38.62,8.0,15309.0,2996.0,7463.0,2885.0,3.9143,129700.0,INLAND
-121.49,38.61,6.0,4391.0,974.0,1982.0,914.0,3.4291,105300.0,INLAND
-121.48,38.62,23.0,7709.0,1279.0,4147.0,1262.0,3.8272,96600.0,INLAND
-121.35,38.68,20.0,7085.0,1222.0,3455.0,1229.0,4.3118,120000.0,INLAND
-121.35,38.68,18.0,7923.0,1558.0,3789.0,1473.0,3.5403,98600.0,INLAND
-121.35,38.72,2.0,21897.0,3513.0,8652.0,2873.0,4.5432,151300.0,INLAND
-121.38,38.71,7.0,4842.0,935.0,2857.0,907.0,3.9318,133000.0,INLAND
-121.4,38.71,15.0,4680.0,758.0,2626.0,729.0,3.8355,107000.0,INLAND
-121.36,38.69,13.0,6850.0,1400.0,4251.0,1421.0,3.6989,93300.0,INLAND
-121.35,38.7,5.0,14414.0,2979.0,7608.0,2832.0,3.5802,129600.0,INLAND
-121.36,38.67,5.0,5819.0,1507.0,3237.0,1356.0,2.2339,116600.0,INLAND
-121.37,38.66,17.0,4866.0,1056.0,2371.0,1030.0,2.4574,103300.0,INLAND
-121.34,38.66,18.0,4164.0,963.0,2032.0,898.0,2.119,133100.0,INLAND
-121.33,38.66,15.0,4371.0,908.0,1842.0,818.0,2.7797,105500.0,INLAND
-121.34,38.62,20.0,4021.0,864.0,1658.0,730.0,2.4537,153000.0,INLAND
-121.34,38.61,20.0,5801.0,1148.0,2586.0,1063.0,3.9063,162100.0,INLAND
-121.33,38.6,25.0,4260.0,607.0,1635.0,640.0,6.2817,288200.0,INLAND
-121.32,38.63,20.0,7003.0,1409.0,3107.0,1315.0,3.0348,150500.0,INLAND
-121.3,38.64,20.0,5001.0,830.0,2330.0,830.0,4.0833,160000.0,INLAND
-121.31,38.64,19.0,5407.0,838.0,1927.0,804.0,4.6302,195400.0,INLAND
-121.32,38.64,19.0,8501.0,1558.0,3576.0,1467.0,3.6523,158500.0,INLAND
-121.21,38.66,15.0,6940.0,1019.0,2829.0,990.0,5.4889,232300.0,INLAND
-121.24,38.64,13.0,4491.0,689.0,1657.0,667.0,5.259,249400.0,INLAND
-121.28,38.66,17.0,7741.0,1401.0,3153.0,1331.0,3.7869,216100.0,INLAND
-121.28,38.71,8.0,4053.0,912.0,2033.0,897.0,2.8973,117100.0,INLAND
-121.28,38.7,14.0,5827.0,1246.0,2578.0,1038.0,3.0212,112900.0,INLAND
-121.28,38.7,15.0,5828.0,1051.0,2868.0,1037.0,3.7813,143200.0,INLAND
-121.28,38.68,14.0,11442.0,2690.0,6068.0,2435.0,2.6016,121200.0,INLAND
-121.3,38.7,18.0,7334.0,1332.0,3339.0,1271.0,3.235,124700.0,INLAND
-121.3,38.69,21.0,6575.0,1105.0,3358.0,1098.0,4.0739,115400.0,INLAND
-121.32,38.69,11.0,13796.0,2372.0,6000.0,2250.0,3.8776,124500.0,INLAND
-121.33,38.68,13.0,5826.0,1411.0,2244.0,1219.0,1.9093,142900.0,INLAND
-121.3,38.71,17.0,5434.0,1106.0,2755.0,1047.0,2.8226,99900.0,INLAND
-121.32,38.71,14.0,4594.0,774.0,2474.0,782.0,4.5245,127500.0,INLAND
-121.29,38.68,12.0,5098.0,1094.0,2029.0,1065.0,3.5444,132500.0,INLAND
-121.31,38.68,16.0,5179.0,1271.0,2181.0,1151.0,2.1009,82500.0,INLAND
-121.3,38.67,15.0,4018.0,850.0,2070.0,814.0,3.0733,119800.0,INLAND
-121.26,38.68,13.0,4256.0,619.0,1948.0,622.0,5.2051,167400.0,INLAND
-121.25,38.67,14.0,6155.0,1034.0,2407.0,941.0,4.2262,244300.0,INLAND
-121.25,38.72,15.0,6838.0,941.0,3166.0,926.0,5.2177,162700.0,INLAND
-121.27,38.71,16.0,4082.0,666.0,1912.0,652.0,4.4609,142900.0,INLAND
-121.26,38.7,9.0,7812.0,1348.0,3275.0,1178.0,4.3826,146600.0,INLAND
-121.17,38.69,5.0,7138.0,1227.0,2623.0,1139.0,5.6902,243200.0,INLAND
-121.19,38.71,11.0,4415.0,280.0,1520.0,627.0,3.2321,390800.0,INLAND
-121.18,38.69,7.0,7104.0,970.0,2772.0,920.0,6.3528,274500.0,INLAND
-121.22,38.68,10.0,6262.0,1278.0,2954.0,1169.0,3.4506,139000.0,INLAND
-121.23,38.71,18.0,4947.0,714.0,2227.0,675.0,4.8542,170500.0,INLAND
-121.23,38.69,19.0,5268.0,849.0,2357.0,849.0,3.9226,148700.0,INLAND
-121.23,38.67,27.0,5266.0,971.0,2432.0,948.0,3.8954,133000.0,INLAND
-121.21,38.67,11.0,5500.0,956.0,2827.0,946.0,4.1071,145800.0,INLAND
-121.16,38.67,21.0,6198.0,1223.0,2827.0,1179.0,3.7796,159000.0,INLAND
-121.15,38.68,6.0,9798.0,1551.0,4583.0,1494.0,5.0159,189600.0,INLAND
-121.13,38.66,2.0,12360.0,1747.0,4438.0,1470.0,6.2503,222500.0,INLAND
-121.06,38.51,6.0,6873.0,959.0,2354.0,931.0,6.8869,263100.0,INLAND
-121.24,38.63,4.0,11021.0,1565.0,3857.0,1494.0,7.2582,273200.0,INLAND
-121.28,38.55,35.0,7088.0,1279.0,4885.0,1272.0,2.6981,112500.0,INLAND
-121.32,38.59,21.0,9774.0,1777.0,4674.0,1712.0,3.6817,136100.0,INLAND
-121.32,38.59,24.0,4378.0,910.0,2149.0,812.0,2.5035,123700.0,INLAND
-121.29,38.61,17.0,13553.0,2474.0,6544.0,2359.0,3.9727,132700.0,INLAND
-121.3,38.6,32.0,9534.0,1819.0,4951.0,1710.0,3.3926,103400.0,INLAND
-121.27,38.61,17.0,6663.0,1369.0,2840.0,1299.0,2.9452,115600.0,INLAND
-121.32,38.54,13.0,4715.0,1090.0,2420.0,1059.0,2.9693,104400.0,INLAND
-121.28,38.59,3.0,4188.0,1136.0,2081.0,995.0,3.0481,92500.0,INLAND
-121.35,38.54,12.0,16239.0,3358.0,8656.0,3234.0,3.5691,116300.0,INLAND
-121.37,38.56,19.0,6308.0,1167.0,3012.0,1112.0,2.9464,113500.0,INLAND
-121.34,38.57,14.0,5737.0,1008.0,2731.0,983.0,4.4602,134500.0,INLAND
-121.35,38.55,18.0,4481.0,780.0,2211.0,775.0,3.9934,123300.0,INLAND
-121.36,38.56,17.0,6225.0,938.0,3064.0,947.0,5.2881,138000.0,INLAND
-121.4,38.47,4.0,20982.0,3392.0,10329.0,3086.0,4.3658,130600.0,INLAND
-121.38,38.47,4.0,14418.0,2282.0,6578.0,2140.0,4.5604,145900.0,INLAND
-121.35,38.46,2.0,6992.0,1132.0,2816.0,984.0,4.3879,144400.0,INLAND
-121.32,38.41,17.0,4401.0,655.0,1970.0,639.0,5.8239,247500.0,INLAND
-121.38,38.41,7.0,6091.0,921.0,2916.0,886.0,4.7557,150400.0,INLAND
-121.38,38.4,15.0,4155.0,637.0,1722.0,616.0,4.8831,154400.0,INLAND
-121.36,38.4,18.0,4813.0,849.0,2333.0,843.0,4.175,144400.0,INLAND
-121.36,38.39,10.0,5121.0,763.0,2568.0,758.0,5.2447,148100.0,INLAND
-121.32,38.26,4.0,6125.0,1063.0,3077.0,953.0,4.1179,134600.0,INLAND
-121.48,38.46,8.0,10505.0,1777.0,6002.0,1694.0,4.0516,121200.0,INLAND
-121.42,38.47,11.0,5665.0,1507.0,3422.0,1299.0,2.3343,97800.0,INLAND
-121.44,38.47,5.0,5666.0,1178.0,3139.0,1131.0,3.3608,108900.0,INLAND
-121.44,38.46,10.0,4446.0,897.0,2499.0,884.0,3.5461,103600.0,INLAND
-121.44,38.43,3.0,39320.0,6210.0,16305.0,5358.0,4.9516,153700.0,INLAND
-121.7,38.1,19.0,4896.0,1083.0,2150.0,905.0,3.3398,89700.0,INLAND
-121.38,36.85,13.0,4115.0,782.0,2903.0,747.0,3.7316,192400.0,INLAND
-121.36,36.81,7.0,4609.0,741.0,1660.0,720.0,5.0871,290500.0,INLAND
-117.72,33.99,14.0,5622.0,861.0,3108.0,821.0,5.7763,206700.0,INLAND
-117.71,33.97,10.0,10856.0,2278.0,6474.0,2199.0,3.851,137200.0,INLAND
-117.69,34.08,30.0,4255.0,773.0,2129.0,730.0,4.5185,142500.0,INLAND
-117.69,34.07,34.0,4055.0,739.0,2470.0,753.0,3.8586,136000.0,INLAND
-117.69,34.08,14.0,4136.0,886.0,2026.0,788.0,3.2344,128200.0,INLAND
-117.7,34.08,33.0,4674.0,791.0,2769.0,784.0,4.1448,137300.0,INLAND
-117.69,34.04,5.0,4459.0,896.0,2028.0,881.0,4.0096,182600.0,INLAND
-117.7,34.04,13.0,5301.0,1025.0,2870.0,984.0,3.5954,163000.0,INLAND
-117.71,34.04,17.0,4098.0,733.0,1859.0,713.0,2.9811,231800.0,INLAND
-117.72,34.0,15.0,4363.0,690.0,2410.0,666.0,5.4824,179700.0,INLAND
-117.7,34.0,15.0,4905.0,711.0,2711.0,762.0,5.7021,193100.0,INLAND
-117.71,34.02,17.0,12689.0,2426.0,7343.0,2230.0,3.6361,157700.0,INLAND
-117.67,34.03,20.0,8561.0,1411.0,4861.0,1450.0,4.7056,165500.0,INLAND
-117.69,34.03,20.0,6374.0,1412.0,3690.0,1350.0,3.4184,162500.0,INLAND
-117.68,34.01,20.0,7326.0,1555.0,5718.0,1538.0,3.2073,123500.0,INLAND
-117.68,34.15,4.0,4082.0,578.0,1996.0,580.0,6.7813,286300.0,INLAND
-117.68,34.14,4.0,4791.0,695.0,1871.0,659.0,6.9532,277000.0,INLAND
-117.63,34.12,4.0,4323.0,775.0,1479.0,663.0,6.0758,226800.0,INLAND
-117.68,34.1,11.0,7392.0,1796.0,3841.0,1621.0,2.8326,163000.0,INLAND
-117.67,34.09,17.0,4418.0,1256.0,2417.0,1094.0,2.7266,101000.0,INLAND
-117.63,34.1,15.0,4799.0,1209.0,2554.0,1057.0,2.6582,122800.0,INLAND
-117.68,34.08,21.0,5662.0,1185.0,3067.0,1055.0,3.3482,137300.0,INLAND
-117.66,34.06,24.0,4043.0,952.0,2174.0,859.0,2.2244,114900.0,INLAND
-117.62,34.07,15.0,4061.0,811.0,2884.0,734.0,3.3936,127000.0,INLAND
-117.61,34.08,12.0,4427.0,280.0,2400.0,843.0,4.7147,158700.0,INLAND
-117.62,34.07,16.0,6009.0,1599.0,5110.0,1389.0,2.5677,128900.0,INLAND
-117.66,34.05,6.0,5129.0,1119.0,2533.0,949.0,3.625,113600.0,INLAND
-117.65,34.03,15.0,4420.0,903.0,2373.0,858.0,3.449,149100.0,INLAND
-117.64,34.02,10.0,4887.0,930.0,2637.0,831.0,4.0611,158000.0,INLAND
-117.63,34.02,13.0,4864.0,729.0,2780.0,723.0,5.6168,175400.0,INLAND
-117.62,34.02,9.0,4265.0,587.0,2280.0,589.0,5.5632,195100.0,INLAND
-117.61,34.04,8.0,4116.0,766.0,1785.0,745.0,3.1672,150200.0,INLAND
-117.66,34.02,12.0,5616.0,871.0,3019.0,782.0,5.5425,202300.0,INLAND
-117.58,34.0,2.0,7544.0,1516.0,2801.0,1001.0,4.0037,245200.0,INLAND
-117.57,34.15,3.0,12806.0,2219.0,4249.0,1499.0,5.485,343100.0,INLAND
-117.57,34.13,5.0,6135.0,879.0,2795.0,781.0,5.9369,225200.0,INLAND
-117.54,34.12,4.0,17577.0,2819.0,7766.0,2473.0,5.1333,181800.0,INLAND
-117.5,34.12,2.0,11965.0,1802.0,4436.0,1296.0,5.285,191700.0,INLAND
-117.55,34.14,3.0,5710.0,919.0,2874.0,886.0,5.3638,206300.0,INLAND
-117.59,34.16,10.0,9467.0,1181.0,3819.0,1122.0,7.8252,361400.0,INLAND
-117.58,34.14,7.0,11818.0,1745.0,5499.0,1600.0,5.3678,231700.0,INLAND
-117.62,34.15,16.0,13556.0,1704.0,5669.0,1668.0,6.5138,311500.0,INLAND
-117.61,34.14,14.0,15809.0,2485.0,7363.0,2410.0,5.5198,245600.0,INLAND
-117.61,34.13,21.0,8416.0,1386.0,4308.0,1341.0,4.4611,164600.0,INLAND
-117.61,34.12,17.0,6709.0,1198.0,3954.0,1161.0,4.6997,156900.0,INLAND
-117.59,34.13,10.0,20263.0,3915.0,9716.0,3744.0,3.8505,169600.0,INLAND
-117.58,34.11,14.0,11635.0,2055.0,6443.0,2009.0,4.7547,157600.0,INLAND
-117.6,34.11,18.0,6025.0,1062.0,3360.0,1028.0,4.8889,155700.0,INLAND
-117.56,34.12,4.0,6956.0,1271.0,3455.0,1228.0,4.7193,178700.0,INLAND
-117.56,34.12,4.0,5351.0,1210.0,2988.0,1101.0,3.7973,181300.0,INLAND
-117.61,34.1,9.0,18956.0,4095.0,10323.0,3832.0,3.6033,132600.0,INLAND
-117.58,34.1,4.0,6360.0,1584.0,3359.0,1396.0,3.5186,127800.0,INLAND
-117.58,34.02,4.0,5998.0,1092.0,3182.0,1042.0,5.2692,174800.0,INLAND
-117.57,34.02,5.0,6933.0,1311.0,3845.0,1285.0,4.6727,158900.0,INLAND
-117.53,34.06,18.0,5605.0,1303.0,4028.0,1145.0,2.9386,116400.0,INLAND
-117.42,34.13,4.0,11587.0,1796.0,5804.0,1705.0,4.8283,141900.0,INLAND
-117.43,34.12,7.0,5954.0,1071.0,3567.0,1070.0,3.2056,134100.0,INLAND
-117.45,34.13,16.0,5058.0,965.0,3388.0,878.0,3.6417,119000.0,INLAND
-117.47,34.12,6.0,10565.0,1767.0,5690.0,1555.0,4.1797,141000.0,INLAND
-117.46,34.09,8.0,4711.0,963.0,3310.0,988.0,3.5488,101600.0,INLAND
-117.49,34.04,4.0,6034.0,1170.0,3527.0,1098.0,4.1775,143700.0,INLAND
-117.46,34.04,3.0,12870.0,2315.0,5820.0,1759.0,4.2429,147300.0,INLAND
-117.38,34.14,11.0,10804.0,1493.0,5221.0,1482.0,5.246,161400.0,INLAND
-117.4,34.15,4.0,12156.0,1864.0,5020.0,1524.0,4.7909,149200.0,INLAND
-117.45,34.11,7.0,6356.0,1244.0,4052.0,1164.0,2.9112,121700.0,INLAND
-117.45,34.1,9.0,4288.0,1017.0,3156.0,900.0,2.7827,105800.0,INLAND
-117.45,34.1,6.0,5571.0,1316.0,4048.0,1154.0,2.0308,91100.0,INLAND
-117.42,34.11,25.0,4261.0,893.0,2319.0,702.0,3.3958,111900.0,INLAND
-117.43,34.11,17.0,4109.0,884.0,2544.0,780.0,2.7757,109800.0,INLAND
-117.44,34.08,15.0,5024.0,992.0,3208.0,981.0,3.6025,116400.0,INLAND
-117.42,34.08,21.0,4460.0,930.0,2657.0,839.0,2.7569,127500.0,INLAND
-117.43,34.08,13.0,4563.0,1187.0,2475.0,1019.0,2.1189,121700.0,INLAND
-117.41,34.11,12.0,6758.0,1550.0,3204.0,1279.0,2.5181,105500.0,INLAND
-117.41,34.1,5.0,4937.0,1139.0,2204.0,812.0,2.5272,92000.0,INLAND
-117.39,34.1,12.0,7184.0,1516.0,4862.0,1235.0,2.4492,103800.0,INLAND
-117.38,34.12,17.0,5959.0,1208.0,4115.0,1088.0,2.4053,105200.0,INLAND
-117.39,34.12,7.0,5059.0,780.0,3253.0,801.0,4.9196,140500.0,INLAND
-117.38,34.08,11.0,5684.0,1139.0,3095.0,1036.0,3.6875,112600.0,INLAND
-117.36,34.08,4.0,8866.0,1832.0,4775.0,1554.0,3.7348,125800.0,INLAND
-117.4,34.09,5.0,6190.0,993.0,3615.0,963.0,4.4034,133200.0,INLAND
-117.39,34.09,10.0,5736.0,945.0,3528.0,932.0,4.3958,130700.0,INLAND
-117.35,34.12,22.0,5640.0,889.0,3157.0,887.0,4.1581,126500.0,INLAND
-117.37,34.13,18.0,5877.0,1043.0,3114.0,1002.0,4.0294,133200.0,INLAND
-117.4,34.06,17.0,5451.0,1008.0,3533.0,940.0,3.9191,101600.0,INLAND
-117.34,34.1,14.0,11827.0,2445.0,6640.0,2299.0,2.4878,103800.0,INLAND
-117.35,34.09,14.0,5983.0,1224.0,3255.0,1150.0,2.5902,111500.0,INLAND
-117.35,34.2,5.0,9269.0,1605.0,4916.0,1519.0,4.4367,133200.0,INLAND
-117.29,34.17,35.0,4174.0,847.0,2127.0,778.0,3.2232,88300.0,INLAND
-117.32,34.17,6.0,5661.0,1287.0,2943.0,1162.0,3.6362,106500.0,INLAND
-117.33,34.17,5.0,4718.0,1140.0,2564.0,1056.0,2.9877,119900.0,INLAND
-117.31,34.15,7.0,5747.0,1307.0,2578.0,1147.0,3.3281,122200.0,INLAND
-117.25,34.15,22.0,7935.0,1976.0,4523.0,1791.0,2.1465,88800.0,INLAND
-117.25,34.14,19.0,5163.0,1229.0,2680.0,1141.0,2.2482,114500.0,INLAND
-117.34,34.08,33.0,4924.0,1007.0,3502.0,953.0,3.233,99400.0,INLAND
-117.31,34.05,6.0,7423.0,2111.0,4092.0,1789.0,2.7002,88300.0,INLAND
-117.3,34.05,7.0,4672.0,1121.0,2534.0,1046.0,3.4228,115700.0,INLAND
-117.29,34.03,9.0,8185.0,1525.0,3630.0,1466.0,4.1667,197700.0,INLAND
-117.25,34.04,18.0,5761.0,1063.0,2763.0,1058.0,4.4472,161100.0,INLAND
-117.27,34.06,20.0,5258.0,1514.0,3780.0,1404.0,2.025,85700.0,INLAND
-117.25,34.06,23.0,4503.0,1156.0,3264.0,937.0,1.9821,93000.0,INLAND
-117.25,34.06,18.0,5009.0,1108.0,2948.0,963.0,3.0042,106500.0,INLAND
-117.24,34.04,4.0,4289.0,682.0,1981.0,705.0,5.3366,165100.0,INLAND
-117.23,34.15,17.0,5036.0,817.0,2084.0,833.0,4.6445,137200.0,INLAND
-117.23,34.12,6.0,4464.0,1093.0,2364.0,952.0,2.3848,81600.0,INLAND
-117.22,34.13,10.0,5951.0,1330.0,3204.0,1159.0,2.7011,110200.0,INLAND
-117.21,34.08,5.0,5749.0,1385.0,2382.0,1088.0,3.0587,143100.0,INLAND
-117.17,34.12,3.0,15695.0,2248.0,6080.0,1920.0,6.2178,173900.0,INLAND
-117.19,34.08,5.0,4458.0,751.0,2392.0,773.0,4.5938,126500.0,INLAND
-117.19,34.06,21.0,6107.0,1559.0,2805.0,1444.0,2.5643,102700.0,INLAND
-117.17,34.05,29.0,4007.0,700.0,1576.0,696.0,3.1801,149300.0,INLAND
-117.16,34.08,9.0,5306.0,993.0,2630.0,925.0,4.51,135800.0,INLAND
-117.17,34.07,24.0,6573.0,1235.0,2904.0,1202.0,3.0651,108000.0,INLAND
-117.14,34.07,3.0,5542.0,828.0,2506.0,806.0,5.5875,162000.0,INLAND
-117.14,34.01,26.0,7561.0,1051.0,2909.0,1012.0,7.2972,269600.0,INLAND
-117.15,34.03,26.0,5305.0,701.0,1818.0,676.0,6.1461,217100.0,INLAND
-117.17,34.03,33.0,4583.0,648.0,1760.0,638.0,6.3308,230600.0,INLAND
-117.09,34.07,24.0,6260.0,1271.0,3132.0,1189.0,2.5156,103000.0,INLAND
-117.07,34.05,14.0,5764.0,1006.0,1876.0,841.0,1.9694,173200.0,INLAND
-117.02,34.03,19.0,4415.0,648.0,1627.0,619.0,4.2361,191600.0,INLAND
-117.01,34.01,15.0,5592.0,891.0,2419.0,840.0,4.7193,135200.0,INLAND
-117.1,34.03,24.0,4144.0,826.0,2127.0,772.0,2.5172,96000.0,INLAND
-117.05,34.01,27.0,5484.0,1205.0,2645.0,1131.0,2.1927,116700.0,INLAND
-117.04,34.02,24.0,4663.0,1213.0,1851.0,1116.0,1.4418,103500.0,INLAND
-117.29,35.54,35.0,7922.0,1636.0,3431.0,1329.0,3.4145,40400.0,INLAND
-117.37,34.59,39.0,8193.0,1747.0,6852.0,1597.0,2.3832,35000.0,INLAND
-117.62,34.44,6.0,8884.0,1687.0,3767.0,1334.0,3.599,140200.0,INLAND
-117.56,34.42,6.0,4264.0,749.0,2005.0,666.0,3.4695,138800.0,INLAND
-117.44,34.45,6.0,6068.0,1137.0,3094.0,947.0,3.5167,130900.0,INLAND
-117.54,34.47,4.0,6712.0,1200.0,3126.0,1026.0,3.2277,126500.0,INLAND
-117.42,34.59,8.0,5445.0,1360.0,3220.0,1214.0,1.7567,69500.0,INLAND
-117.63,34.37,20.0,7052.0,1306.0,2197.0,810.0,3.7252,167100.0,INLAND
-117.61,34.34,18.0,5210.0,912.0,1301.0,464.0,4.8623,176900.0,INLAND
-117.22,34.44,5.0,4787.0,910.0,1944.0,806.0,2.6576,98500.0,INLAND
-117.2,34.46,7.0,8414.0,1584.0,5146.0,1517.0,3.2794,92500.0,INLAND
-117.23,34.49,9.0,4055.0,536.0,1458.0,478.0,5.4201,170600.0,INLAND
-117.2,34.5,10.0,4201.0,850.0,2378.0,808.0,2.1781,92200.0,INLAND
-117.17,34.49,13.0,4460.0,925.0,2225.0,840.0,2.0136,94100.0,INLAND
-117.2,34.48,7.0,4998.0,953.0,2764.0,891.0,3.205,101900.0,INLAND
-117.23,34.51,9.0,5756.0,807.0,2158.0,758.0,5.5875,167800.0,INLAND
-117.21,34.51,17.0,4379.0,629.0,1720.0,595.0,5.086,148400.0,INLAND
-117.25,34.53,13.0,5841.0,955.0,2455.0,915.0,4.1333,158200.0,INLAND
-117.22,34.54,8.0,12526.0,2495.0,6133.0,2324.0,2.9072,119200.0,INLAND
-117.2,34.52,12.0,4476.0,761.0,2255.0,735.0,3.925,118500.0,INLAND
-117.17,34.51,15.0,5151.0,942.0,2896.0,897.0,3.4875,90800.0,INLAND
-117.32,34.54,9.0,5904.0,1165.0,3489.0,1063.0,3.125,92800.0,INLAND
-117.34,34.51,6.0,5667.0,1385.0,2447.0,1199.0,2.3617,103100.0,INLAND
-117.36,34.48,3.0,16533.0,2549.0,7588.0,2285.0,3.9792,122100.0,INLAND
-117.3,34.52,34.0,4493.0,838.0,2335.0,779.0,3.1635,74300.0,INLAND
-117.28,34.51,10.0,4676.0,884.0,2845.0,812.0,3.0181,100400.0,INLAND
-117.32,34.49,7.0,4584.0,1051.0,2049.0,918.0,1.6232,93400.0,INLAND
-117.29,34.49,3.0,7689.0,1545.0,3804.0,1399.0,3.3871,111800.0,INLAND
-117.32,34.48,8.0,4627.0,887.0,2739.0,846.0,3.0204,93100.0,INLAND
-117.26,34.48,6.0,4632.0,753.0,1851.0,694.0,4.1933,163100.0,INLAND
-117.29,34.41,11.0,5934.0,1380.0,2756.0,1239.0,1.5758,108300.0,INLAND
-117.27,34.4,8.0,6042.0,979.0,3031.0,991.0,3.3438,124400.0,INLAND
-117.27,34.39,6.0,6988.0,1121.0,3660.0,1092.0,4.2224,125700.0,INLAND
-117.39,34.38,4.0,7151.0,1295.0,3527.0,1170.0,3.5696,129700.0,INLAND
-117.3,34.46,8.0,6246.0,1273.0,3883.0,1264.0,2.7917,98200.0,INLAND
-117.31,34.43,16.0,5130.0,1172.0,3126.0,1046.0,1.6784,71900.0,INLAND
-117.35,34.44,9.0,11810.0,2181.0,6716.0,2081.0,3.1821,95600.0,INLAND
-117.38,34.44,4.0,5083.0,867.0,2541.0,856.0,4.2414,121400.0,INLAND
-117.34,34.46,9.0,5983.0,1122.0,3515.0,1064.0,3.1505,102000.0,INLAND
-117.27,34.42,9.0,5643.0,1005.0,3166.0,957.0,3.2077,93300.0,INLAND
-117.26,34.43,11.0,4597.0,782.0,2534.0,776.0,3.3368,99300.0,INLAND
-117.27,34.45,8.0,6463.0,1095.0,3213.0,1031.0,3.2215,108800.0,INLAND
-116.72,34.89,14.0,4527.0,875.0,1640.0,590.0,2.8594,81700.0,INLAND
-116.57,35.43,8.0,9975.0,1743.0,6835.0,1439.0,2.7138,22500.0,INLAND
-116.14,34.45,12.0,8796.0,1721.0,11139.0,1680.0,2.2612,137500.0,INLAND
-116.32,34.1,10.0,4256.0,861.0,1403.0,686.0,2.6618,81000.0,INLAND
-116.29,34.18,15.0,4203.0,966.0,1756.0,695.0,2.182,60800.0,INLAND
-116.62,34.23,14.0,6438.0,1719.0,1586.0,691.0,1.6136,67400.0,INLAND
-116.51,34.45,21.0,8502.0,2634.0,2330.0,991.0,1.3811,51300.0,INLAND
-116.56,34.06,15.0,6928.0,1529.0,2568.0,1075.0,2.5405,69600.0,INLAND
-116.38,34.2,14.0,4985.0,1238.0,2517.0,954.0,2.0674,65000.0,INLAND
-116.39,34.15,15.0,5583.0,1149.0,2709.0,964.0,1.9779,73300.0,INLAND
-116.44,34.12,18.0,5584.0,1303.0,2250.0,1158.0,1.5823,72400.0,INLAND
-116.47,34.07,22.0,5473.0,1234.0,2581.0,1098.0,1.9375,65300.0,INLAND
-116.43,34.1,17.0,6683.0,1296.0,2677.0,1227.0,2.4828,84000.0,INLAND
-116.4,34.09,9.0,4855.0,872.0,2098.0,765.0,3.2723,97800.0,INLAND
-116.4,34.12,16.0,5648.0,1089.0,2524.0,1008.0,2.6739,78000.0,INLAND
-116.06,34.15,15.0,10377.0,2331.0,4507.0,1807.0,2.2466,66800.0,INLAND
-116.09,34.15,13.0,9444.0,1997.0,4166.0,1482.0,2.6111,65600.0,INLAND
-114.47,34.4,19.0,7650.0,1901.0,1129.0,463.0,1.82,80100.0,INLAND
-114.31,34.19,15.0,5612.0,1283.0,1015.0,472.0,1.4936,66900.0,INLAND
-117.31,34.25,29.0,4610.0,280.0,1569.0,592.0,2.7663,97900.0,INLAND
-117.3,34.24,38.0,4116.0,949.0,1196.0,422.0,3.5625,96500.0,INLAND
-117.26,34.24,10.0,4750.0,844.0,1220.0,428.0,4.5536,132400.0,INLAND
-117.27,34.23,26.0,6339.0,1244.0,1177.0,466.0,3.7708,110400.0,INLAND
-117.16,34.26,27.0,9285.0,1621.0,1135.0,410.0,2.5446,135200.0,INLAND
-117.17,34.28,13.0,4867.0,718.0,780.0,250.0,7.1997,253800.0,INLAND
-117.19,34.27,16.0,7961.0,1147.0,879.0,280.0,5.2146,255200.0,INLAND
-117.2,34.26,17.0,9419.0,1455.0,1382.0,459.0,6.2233,230900.0,INLAND
-117.22,34.26,16.0,8020.0,1432.0,1749.0,540.0,4.9716,162500.0,INLAND
-117.2,34.24,22.0,8106.0,1665.0,1062.0,423.0,3.0434,137200.0,INLAND
-117.17,34.25,15.0,4236.0,753.0,703.0,255.0,3.5625,165500.0,INLAND
-117.21,34.22,31.0,5454.0,1053.0,1408.0,504.0,5.0,161100.0,INLAND
-117.07,34.24,21.0,4773.0,1047.0,337.0,130.0,3.9375,115000.0,INLAND
-117.12,34.21,19.0,4641.0,994.0,1334.0,474.0,4.5972,123900.0,INLAND
-117.1,34.21,22.0,4397.0,931.0,1145.0,445.0,4.5268,108400.0,INLAND
-116.94,34.24,27.0,12342.0,2630.0,1300.0,566.0,1.998,153500.0,INLAND
-116.91,34.24,23.0,6379.0,1636.0,1350.0,568.0,1.6336,124500.0,INLAND
-116.88,34.24,13.0,4137.0,796.0,573.0,218.0,4.6394,226500.0,INLAND
-116.87,34.24,15.0,4419.0,822.0,622.0,267.0,3.9688,182800.0,INLAND
-116.86,34.24,19.0,5411.0,1042.0,441.0,185.0,3.1324,132000.0,INLAND
-116.86,34.23,13.0,4760.0,938.0,309.0,132.0,5.4618,147800.0,INLAND
-116.99,34.3,29.0,5055.0,1036.0,410.0,191.0,3.5104,157100.0,INLAND
-116.85,34.26,18.0,6988.0,1635.0,2044.0,726.0,2.4308,90600.0,INLAND
-116.85,34.26,19.0,5395.0,1220.0,981.0,366.0,2.6094,92400.0,INLAND
-116.85,34.25,5.0,5806.0,1030.0,569.0,219.0,4.0132,163100.0,INLAND
-116.83,34.25,15.0,8948.0,1985.0,1316.0,514.0,2.7375,90800.0,INLAND
-116.82,34.24,11.0,5799.0,1527.0,713.0,262.0,2.5147,84700.0,INLAND
-116.76,34.23,10.0,4374.0,989.0,1020.0,376.0,2.6071,89000.0,INLAND
-117.46,34.85,7.0,9759.0,1816.0,2933.0,1168.0,3.4912,157700.0,INLAND
-117.15,34.83,30.0,5370.0,1062.0,2778.0,944.0,3.099,66800.0,INLAND
-116.99,34.88,23.0,6060.0,1165.0,2920.0,1072.0,3.1528,69000.0,INLAND
-117.0,34.87,16.0,6862.0,1292.0,3562.0,1126.0,3.6091,87200.0,INLAND
-117.24,34.59,4.0,5027.0,797.0,1869.0,686.0,3.5507,186100.0,INLAND
-117.1,34.57,6.0,5110.0,1044.0,1938.0,724.0,3.1917,112800.0,INLAND
-116.94,34.4,20.0,6541.0,1401.0,2631.0,980.0,2.1339,78500.0,INLAND
-116.74,33.33,17.0,4190.0,946.0,1802.0,673.0,2.4744,158200.0,INLAND
-116.52,32.9,18.0,4454.0,852.0,1754.0,656.0,4.57,189900.0,INLAND
-116.37,33.19,12.0,4890.0,1152.0,1289.0,570.0,2.5795,98700.0,INLAND
-116.58,32.69,19.0,4085.0,876.0,2133.0,718.0,2.919,116500.0,INLAND
-121.36,38.0,17.0,4535.0,762.0,1562.0,743.0,5.3224,225800.0,INLAND
-121.33,38.0,32.0,4474.0,929.0,2177.0,884.0,3.2889,98900.0,INLAND
-121.33,37.99,15.0,4472.0,1079.0,1837.0,976.0,2.5,175900.0,INLAND
-121.34,37.99,11.0,4487.0,868.0,2195.0,780.0,3.9615,194600.0,INLAND
-121.34,38.02,30.0,4375.0,689.0,2038.0,709.0,5.1202,133800.0,INLAND
-121.34,38.03,20.0,4213.0,751.0,2071.0,714.0,4.4063,130800.0,INLAND
-121.35,38.04,5.0,4303.0,613.0,2206.0,621.0,5.5842,159100.0,INLAND
-121.35,38.04,12.0,6217.0,1019.0,3771.0,961.0,3.7206,146000.0,INLAND
-121.32,38.03,16.0,4045.0,623.0,1862.0,625.0,4.875,143100.0,INLAND
-121.31,38.03,18.0,4893.0,1008.0,3036.0,997.0,2.5212,110000.0,INLAND
-121.29,38.0,12.0,4038.0,1074.0,3440.0,942.0,1.9698,112300.0,INLAND
-121.31,38.02,24.0,4157.0,951.0,2734.0,879.0,2.7981,92100.0,INLAND
-121.29,38.03,16.0,4356.0,881.0,1629.0,818.0,2.2672,91100.0,INLAND
-121.29,38.01,2.0,6403.0,1116.0,3327.0,957.0,4.4871,137900.0,INLAND
-121.32,38.15,5.0,5428.0,994.0,2725.0,902.0,3.9323,130100.0,INLAND
-121.29,38.15,23.0,4183.0,633.0,1886.0,628.0,4.8787,175300.0,INLAND
-121.3,38.11,5.0,5979.0,1190.0,2679.0,1084.0,4.196,171700.0,INLAND
-121.22,38.16,24.0,4411.0,776.0,2038.0,732.0,3.475,151200.0,INLAND
-121.15,38.21,18.0,4176.0,700.0,2164.0,699.0,4.0365,174200.0,INLAND
-121.0,37.8,13.0,4030.0,744.0,2248.0,766.0,3.6107,141300.0,INLAND
-121.16,37.73,7.0,4956.0,941.0,3006.0,915.0,3.4426,139000.0,INLAND
-121.19,37.81,8.0,4019.0,857.0,1959.0,782.0,2.7321,175000.0,INLAND
-121.24,37.79,7.0,5151.0,867.0,2553.0,805.0,4.075,195000.0,INLAND
-121.22,37.82,13.0,4452.0,949.0,2740.0,937.0,3.1964,141500.0,INLAND
-121.24,37.82,9.0,6169.0,959.0,3378.0,945.0,5.1047,157900.0,INLAND
-121.28,37.82,10.0,9205.0,1774.0,5935.0,1673.0,3.65,119400.0,INLAND
-121.42,37.71,7.0,8297.0,1433.0,4189.0,1271.0,4.3696,170700.0,INLAND
-121.42,37.76,18.0,5501.0,1051.0,2964.0,1009.0,4.1855,162100.0,INLAND
-121.44,37.76,5.0,7264.0,1285.0,3670.0,1146.0,5.0443,194800.0,INLAND
-121.44,37.73,7.0,8363.0,1314.0,3907.0,1068.0,5.3321,208100.0,INLAND
-121.57,37.0,18.0,7241.0,1225.0,4168.0,1138.0,4.5714,260300.0,INLAND
-121.57,36.98,14.0,5231.0,817.0,2634.0,799.0,4.9702,279800.0,INLAND
-121.59,37.01,16.0,6637.0,1171.0,3575.0,1162.0,4.3227,251500.0,INLAND
-121.59,37.02,14.0,6355.0,1279.0,3704.0,1224.0,4.4233,228600.0,INLAND
-122.34,40.58,7.0,4843.0,992.0,2223.0,932.0,3.0549,101700.0,INLAND
-122.42,40.59,24.0,5045.0,972.0,2220.0,979.0,2.6792,138900.0,INLAND
-122.42,40.57,10.0,7949.0,1309.0,3176.0,1163.0,4.1099,120100.0,INLAND
-122.4,40.62,9.0,4794.0,889.0,2162.0,865.0,3.1439,103100.0,INLAND
-122.38,40.61,14.0,4773.0,1133.0,2101.0,1072.0,1.7227,105000.0,INLAND
-122.37,40.6,7.0,5178.0,1336.0,2557.0,1283.0,2.4079,111400.0,INLAND
-122.33,40.6,5.0,6383.0,1206.0,2965.0,1141.0,3.8103,111100.0,INLAND
-122.37,40.52,18.0,4547.0,774.0,2269.0,766.0,3.7896,98100.0,INLAND
-122.31,40.55,11.0,13714.0,2302.0,6511.0,2267.0,3.5522,100100.0,INLAND
-122.31,40.49,18.0,4026.0,718.0,1731.0,705.0,3.35,118400.0,INLAND
-121.92,40.52,13.0,4581.0,881.0,1799.0,734.0,2.2993,99500.0,INLAND
-121.93,41.86,28.0,4225.0,835.0,1908.0,686.0,1.74,44000.0,INLAND
-122.92,41.7,23.0,4017.0,792.0,1634.0,619.0,2.3571,62000.0,INLAND
-122.61,41.74,15.0,4206.0,922.0,1863.0,869.0,2.0591,55700.0,INLAND
-122.93,41.48,20.0,4288.0,789.0,1800.0,660.0,2.723,79600.0,INLAND
-122.38,41.54,14.0,4453.0,797.0,1817.0,685.0,2.7468,81100.0,INLAND
-122.3,41.31,29.0,4059.0,787.0,1700.0,702.0,2.4526,97100.0,INLAND
-122.28,41.38,15.0,5266.0,1031.0,2147.0,885.0,2.8036,110100.0,INLAND
-122.27,41.2,52.0,4513.0,985.0,1926.0,815.0,1.5923,56000.0,INLAND
-122.09,41.32,52.0,4019.0,824.0,1728.0,706.0,2.2462,62900.0,INLAND
-122.06,38.27,14.0,6920.0,996.0,3196.0,978.0,5.0672,171300.0,INLAND
-122.07,38.27,8.0,6761.0,1234.0,3237.0,1177.0,4.3586,173400.0,INLAND
-122.08,38.3,2.0,6718.0,858.0,2012.0,654.0,6.8872,305200.0,INLAND
-122.03,38.28,15.0,5114.0,833.0,2418.0,778.0,4.4882,144000.0,INLAND
-122.0,38.28,3.0,7030.0,1191.0,3238.0,1055.0,4.962,161700.0,INLAND
-121.98,38.29,4.0,8778.0,1291.0,4010.0,1188.0,5.4399,187100.0,INLAND
-122.07,38.24,15.0,7937.0,1635.0,4390.0,1567.0,3.5464,129800.0,INLAND
-122.05,38.26,21.0,7195.0,1416.0,3927.0,1377.0,3.0912,126300.0,INLAND
-122.04,38.27,16.0,8517.0,1910.0,4508.0,1837.0,3.1853,129600.0,INLAND
-122.03,38.26,25.0,4617.0,1046.0,2685.0,1011.0,2.9576,108500.0,INLAND
-122.01,38.27,17.0,9089.0,1542.0,4758.0,1520.0,4.0619,126600.0,INLAND
-122.01,38.25,11.0,6550.0,1149.0,3570.0,1123.0,3.8583,137900.0,INLAND
-122.0,38.25,7.0,11768.0,1893.0,6657.0,1874.0,4.9222,142900.0,INLAND
-122.01,38.26,12.0,4132.0,710.0,2087.0,633.0,4.5987,139700.0,INLAND
-121.99,38.27,16.0,4138.0,758.0,1762.0,723.0,3.1979,137500.0,INLAND
-121.94,38.27,35.0,10869.0,2226.0,9879.0,2152.0,2.5681,81300.0,INLAND
-121.94,38.37,17.0,7973.0,1591.0,2899.0,1502.0,2.8357,120100.0,INLAND
-121.94,38.36,2.0,4953.0,735.0,1791.0,562.0,5.0346,205100.0,INLAND
-121.92,38.34,2.0,7747.0,1133.0,3481.0,1083.0,6.1112,181000.0,INLAND
-121.95,38.34,9.0,4999.0,874.0,2687.0,817.0,4.2324,142100.0,INLAND
-121.96,38.33,3.0,7985.0,1257.0,3664.0,1215.0,4.976,158300.0,INLAND
-121.96,38.32,12.0,5127.0,998.0,2749.0,976.0,4.0458,130600.0,INLAND
-122.01,38.35,18.0,4486.0,723.0,1600.0,697.0,3.8651,189700.0,INLAND
-121.97,38.35,17.0,5678.0,1116.0,3182.0,1135.0,3.7388,122000.0,INLAND
-121.98,38.39,3.0,9488.0,1417.0,4095.0,1335.0,5.1781,191900.0,INLAND
-121.81,38.49,18.0,4518.0,827.0,2230.0,715.0,3.9309,178500.0,INLAND
-121.82,38.46,10.0,6331.0,1181.0,3419.0,1110.0,3.7083,154800.0,INLAND
-121.83,38.45,15.0,5115.0,776.0,2540.0,794.0,4.8611,146400.0,INLAND
-120.79,37.82,17.0,4227.0,729.0,1809.0,679.0,3.2667,269500.0,INLAND
-120.9,37.81,27.0,4213.0,750.0,2142.0,746.0,3.7031,173300.0,INLAND
-120.87,37.77,9.0,4838.0,920.0,2460.0,923.0,3.5959,142700.0,INLAND
-120.99,37.7,14.0,9849.0,1887.0,4356.0,1780.0,3.5877,160900.0,INLAND
-120.97,37.69,14.0,5514.0,909.0,2819.0,970.0,3.8598,174400.0,INLAND
-121.08,37.69,19.0,6473.0,1212.0,3559.0,1123.0,3.2246,129300.0,INLAND
-121.06,37.7,7.0,9374.0,1847.0,4827.0,1722.0,3.462,151900.0,INLAND
-121.04,37.69,5.0,9601.0,1639.0,4449.0,1575.0,4.5332,195500.0,INLAND
-121.01,37.7,12.0,9148.0,1906.0,4656.0,1853.0,3.2447,142200.0,INLAND
-121.04,37.68,18.0,5129.0,1171.0,3622.0,1128.0,2.0272,92700.0,INLAND
-121.03,37.69,5.0,4034.0,771.0,1967.0,742.0,3.8065,146000.0,INLAND
-121.04,37.69,9.0,6333.0,1355.0,3265.0,1265.0,3.0217,160900.0,INLAND
-120.94,37.68,4.0,13315.0,2424.0,6420.0,2289.0,4.2471,162100.0,INLAND
-120.96,37.66,16.0,4961.0,902.0,2654.0,804.0,4.2823,138300.0,INLAND
-120.95,37.66,16.0,4478.0,647.0,1990.0,672.0,5.1473,188400.0,INLAND
-120.93,37.66,10.0,7566.0,1348.0,3227.0,1199.0,4.744,148100.0,INLAND
-120.97,37.69,15.0,4065.0,841.0,1986.0,680.0,3.072,114300.0,INLAND
-120.98,37.68,27.0,4006.0,762.0,1806.0,718.0,3.1848,112800.0,INLAND
-120.98,37.68,18.0,4197.0,1006.0,2203.0,874.0,2.166,118600.0,INLAND
-121.02,37.62,14.0,5737.0,1286.0,4722.0,1210.0,1.6731,95800.0,INLAND
-120.94,37.65,13.0,5075.0,978.0,3033.0,838.0,3.0577,119000.0,INLAND
-120.95,37.65,14.0,5200.0,1119.0,3221.0,1102.0,2.6964,107000.0,INLAND
-121.0,37.6,22.0,4412.0,925.0,3116.0,817.0,2.6899,82100.0,INLAND
-120.98,37.59,2.0,5042.0,834.0,2784.0,787.0,4.6484,145900.0,INLAND
-120.96,37.59,11.0,4236.0,879.0,2410.0,850.0,2.3849,122000.0,INLAND
-120.95,37.61,17.0,4054.0,654.0,2034.0,667.0,4.6833,142200.0,INLAND
-120.95,37.62,11.0,4981.0,814.0,1934.0,686.0,3.7041,174800.0,INLAND
-120.97,37.62,7.0,8489.0,1673.0,5807.0,1575.0,2.9451,127800.0,INLAND
-120.86,37.69,5.0,6660.0,1217.0,3012.0,1087.0,3.0809,143600.0,INLAND
-120.87,37.6,32.0,4579.0,914.0,2742.0,856.0,2.6619,86200.0,INLAND
-120.92,37.6,12.0,4485.0,805.0,2445.0,832.0,3.7611,123100.0,INLAND
-121.12,37.48,5.0,4109.0,820.0,3062.0,713.0,3.2396,125200.0,INLAND
-120.87,37.5,7.0,4966.0,985.0,2431.0,904.0,3.1042,122500.0,INLAND
-120.86,37.5,34.0,4272.0,996.0,2916.0,962.0,1.9829,82800.0,INLAND
-120.86,37.52,9.0,9885.0,1871.0,5372.0,1843.0,3.4821,127100.0,INLAND
-120.84,37.51,14.0,6337.0,1593.0,3909.0,1480.0,2.0643,106500.0,INLAND
-120.84,37.52,16.0,4527.0,887.0,2531.0,825.0,3.7065,124800.0,INLAND
-121.62,39.16,7.0,4480.0,776.0,2271.0,767.0,3.809,110700.0,INLAND
-121.65,39.13,11.0,4833.0,944.0,2336.0,841.0,2.6842,89100.0,INLAND
-121.64,39.12,13.0,6408.0,1087.0,3294.0,1106.0,4.2656,110700.0,INLAND
-121.65,39.16,16.0,5022.0,1103.0,2087.0,956.0,2.3963,114800.0,INLAND
-121.8,40.34,26.0,4815.0,910.0,1341.0,539.0,2.881,79800.0,INLAND
-122.12,39.91,16.0,4006.0,797.0,2028.0,752.0,2.3929,77200.0,INLAND
-119.34,36.34,5.0,4505.0,834.0,1917.0,775.0,4.0144,126600.0,INLAND
-119.34,36.23,12.0,4965.0,872.0,2191.0,804.0,3.5611,90200.0,INLAND
-118.54,36.12,11.0,4103.0,882.0,356.0,171.0,2.1029,99100.0,INLAND
-118.7,35.82,20.0,4642.0,1300.0,658.0,247.0,2.3937,82100.0,INLAND
-120.25,38.04,22.0,4173.0,763.0,1086.0,444.0,2.5562,136200.0,INLAND
-120.25,38.03,21.0,4924.0,966.0,1175.0,454.0,2.9457,116500.0,INLAND
-120.19,38.03,17.0,8651.0,1579.0,2071.0,757.0,3.1076,115800.0,INLAND
-120.03,38.19,26.0,7005.0,1358.0,416.0,189.0,2.125,132500.0,INLAND
-120.2,37.84,9.0,13670.0,2453.0,2811.0,1193.0,3.2589,137900.0,INLAND
-121.52,38.59,35.0,6418.0,1545.0,3814.0,1496.0,1.6647,69100.0,INLAND
-121.53,38.6,25.0,5154.0,1105.0,3196.0,1073.0,2.7566,80200.0,INLAND
-121.54,38.58,30.0,4648.0,1252.0,2524.0,1089.0,1.3177,74300.0,INLAND
-121.53,38.58,33.0,4988.0,1169.0,2414.0,1075.0,1.9728,76400.0,INLAND
-121.55,38.55,10.0,6227.0,1164.0,2909.0,1077.0,4.106,115900.0,INLAND
-121.8,38.55,11.0,5121.0,899.0,2258.0,901.0,4.7168,223200.0,INLAND
-121.78,38.55,12.0,10509.0,2186.0,5633.0,2138.0,2.9605,204300.0,INLAND
-121.76,38.57,11.0,15018.0,3008.0,7984.0,2962.0,3.1371,201800.0,INLAND
-121.67,38.54,13.0,6141.0,1019.0,2553.0,967.0,4.2432,326500.0,INLAND
-121.71,38.56,20.0,8627.0,1516.0,4071.0,1466.0,4.2198,164100.0,INLAND
-121.7,38.54,13.0,6819.0,1158.0,2828.0,1115.0,4.6225,226500.0,INLAND
-121.74,38.55,33.0,6861.0,1820.0,3717.0,1767.0,1.7311,182600.0,INLAND
-121.76,38.55,23.0,8800.0,1857.0,6330.0,1832.0,2.065,219400.0,INLAND
-121.75,38.55,26.0,4802.0,950.0,2199.0,939.0,3.7452,227700.0,INLAND
-121.75,38.67,9.0,12139.0,2640.0,6837.0,2358.0,3.125,132500.0,INLAND
-121.79,38.66,15.0,6809.0,1052.0,3060.0,1060.0,5.3064,165000.0,INLAND
-121.78,38.66,18.0,4224.0,632.0,1907.0,641.0,4.8226,139900.0,INLAND
-121.76,38.66,17.0,5320.0,984.0,2866.0,928.0,4.1997,133400.0,INLAND
-121.99,38.53,6.0,4598.0,834.0,2561.0,812.0,3.4186,127300.0,INLAND
-121.54,39.13,18.0,4289.0,1021.0,2707.0,939.0,1.3375,59600.0,INLAND
-121.54,39.12,17.0,4251.0,899.0,3265.0,934.0,2.3496,65000.0,INLAND
-121.39,39.12,28.0,10035.0,1856.0,6912.0,1818.0,2.0943,108300.0,INLAND
